(父） ASIN,（子）ASIN,商品名称,买家访问次数,买家访问次数百分比,页面浏览次数,页面浏览次数百分比,购买按钮赢得率,已订购商品数量,订购数量 C B2B,订单商品数量转化率,商品转化率 C B2B,已订购商品销售额,已订购商品的销售额 C B2B,订单商品种类数,订单商品总数 C B2B
B07BKTFWMH,B07BKQDRB2,ZAIAI Women's Lace Bralette Wireless Band Lace Bra Light Purple XL,2,0.11%,2,0.10%,50%,1,1,50.00%,50.00%,US$15.99 ,US$15.99 ,1,1
B07BKTFWMH,B07BKQLKBG,ZAIAI Women Super Soft Lace Bra Top Seamless Bralette Cup Wireless Bra Black XL,3,0.16%,3,0.15%,33%,2,2,66.67%,66.67%,US$31.98 ,US$31.98 ,1,1
B07DG2NGBY,B071HHSJ1R,MOCOTONO Women's Plus Size Elastic Waist Wide Leg Linen Cropped Pants Yellow Medium,43,2.35%,54,2.64%,37%,2,0,4.65%,0.00%,US$45.98 ,US$0.00 ,2,0
B071JYNS5V,B071JYNS5V,"HuXang Cloth New Women Wide Leg High Waist Casual Crop Pants Striped Loose Trousers Bandage(White,L)",3,0.16%,3,0.15%,67%,0,0,0.00%,0.00%,US$0.00 ,US$0.00 ,0,0
B07DC3CQDX,B071K8MVBL,HuXang Cloth Womens Elastic Waist Cotton Linen Loose Casual Wide Leg Palazzo Pants Blue,1,0.05%,1,0.05%,100%,0,0,0.00%,0.00%,US$0.00 ,US$0.00 ,0,0
B07DG2NGBY,B071NP2X5N,MOCOTONO Women's Plus Size Elastic Waist Wide Leg Linen Cropped Pants Red Medium,59,3.23%,71,3.47%,94%,5,0,8.47%,0.00%,US$114.50 ,US$0.00 ,4,0
B071RNC571,B071RNC571,HuXang Cloth Shirt Ladies Winosaur Funny Wine Lover Shirt,1,0.05%,2,0.10%,0%,0,0,0.00%,0.00%,US$0.00 ,US$0.00 ,0,0
B071RNC571,B071YQ9S6C,"HuXang Cloth Shirt Ladies Winosaur Funny Wine Lover Shirt (White,L)",3,0.16%,3,0.15%,100%,0,0,0.00%,0.00%,US$0.00 ,US$0.00 ,0,0
B071RNC571,B0722LHQ3T,"HuXang Cloth Shirt Ladies Winosaur Funny Wine Lover Shirt (White,XL)",1,0.05%,1,0.05%,0%,0,0,0.00%,0.00%,US$0.00 ,US$0.00 ,0,0
B07DC3CQDX,B072N2WZ5J,HuXang Cloth Womens Elastic Waist Cotton Linen Loose Casual Wide Leg Palazzo Pants White,1,0.05%,1,0.05%,100%,0,0,0.00%,0.00%,US$0.00 ,US$0.00 ,0,0
B07DC3CQDX,B072RD6VF2,HuXang Cloth Women's Casual Loose Fit Layers Wide Leg Pants Red,1,0.05%,1,0.05%,100%,0,0,0.00%,0.00%,US$0.00 ,US$0.00 ,0,0
B07DC3CQDX,B073F1HX4C,"HuXang Cloth Womens Fold Over Waist Solid Ruffled Flare Palazzo Pants Capris(Pink,XL)",1,0.05%,1,0.05%,0%,0,0,0.00%,0.00%,US$0.00 ,US$0.00 ,0,0
B07DC3CQDX,B073F1L1DN,"HuXang Cloth Womens Fold Over Waist Solid Ruffled Flare Palazzo Pants Capris(Pink,S)",3,0.16%,3,0.15%,0%,0,0,0.00%,0.00%,US$0.00 ,US$0.00 ,0,0
B07DC3CQDX,B073F2HG9P,"HuXang Cloth Womens Fold Over Waist Solid Ruffled Flare Palazzo Pants Capris(Rose Red,L)",1,0.05%,1,0.05%,0%,0,0,0.00%,0.00%,US$0.00 ,US$0.00 ,0,0
B07DC3CQDX,B073F2M56J,"HuXang Cloth Womens Fold Over Waist Solid Ruffled Flare Palazzo Pants Capris(Rose Red,XL)",2,0.11%,2,0.10%,50%,0,0,0.00%,0.00%,US$0.00 ,US$0.00 ,0,0
B07DC3CQDX,B073F2QMQK,"HuXang Cloth Womens Fold Over Waist Solid Ruffled Flare Palazzo Pants Capris(Pink,M)",1,0.05%,1,0.05%,0%,0,0,0.00%,0.00%,US$0.00 ,US$0.00 ,0,0
B07DC3CQDX,B073F2WTJX,"HuXang Cloth Womens Fold Over Waist Solid Ruffled Flare Palazzo Pants Capris(Rose Red,M)",3,0.16%,4,0.20%,25%,0,0,0.00%,0.00%,US$0.00 ,US$0.00 ,0,0
B07DC3CQDX,B073F35WHV,"HuXang Cloth Womens Fold Over Waist Solid Ruffled Flare Palazzo Pants Capris(Rose Red,S)",0,0.00%,0,0.00%,0%,1,0,0.00%,0.00%,US$20.90 ,US$0.00 ,1,0
B07DC3CQDX,B073F4G8B1,"HuXang Cloth Womens Fold Over Waist Solid Ruffled Flare Palazzo Pants Capris(Pink,XXL)",1,0.05%,1,0.05%,0%,0,0,0.00%,0.00%,US$0.00 ,US$0.00 ,0,0
B073W39HF6,B073TWLDHK,"MEIAOMA Womens Faux Leather Zip Up Moto Biker Jacket With Stitching Detail(Yellow,XXL)",1,0.05%,1,0.05%,0%,0,0,0.00%,0.00%,US$0.00 ,US$0.00 ,0,0
B073W5J3FN,B073W5J3FN,MEIAOMA Womens Faux Leather Zipper Moto Biker Bomber Jacket,1,0.05%,1,0.05%,100%,0,0,0.00%,0.00%,US$0.00 ,US$0.00 ,0,0
B073W5J3FN,B073W69WZK,"MEIAOMA Womens Faux Leather Zipper Moto Biker Bomber Jacket(Yellow,S)",1,0.05%,1,0.05%,0%,0,0,0.00%,0.00%,US$0.00 ,US$0.00 ,0,0
B073W5TW8T,B073W6VTYY,"MEIAOMA Womens Quilted Biker Jacket(Yellow,M)",3,0.16%,3,0.15%,67%,0,0,0.00%,0.00%,US$0.00 ,US$0.00 ,0,0
B073W5J3FN,B073WB3TLC,"MEIAOMA Womens Faux Leather Zipper Moto Biker Bomber Jacket(Red,M)",2,0.11%,2,0.10%,0%,0,0,0.00%,0.00%,US$0.00 ,US$0.00 ,0,0
B073W5J3FN,B073WBNY9P,"MEIAOMA Womens Faux Leather Zipper Moto Biker Bomber Jacket(Coffee,M)",3,0.16%,3,0.15%,0%,0,0,0.00%,0.00%,US$0.00 ,US$0.00 ,0,0
B073W5J3FN,B073WBR2D4,"MEIAOMA Womens Faux Leather Zipper Moto Biker Bomber Jacket(Black,XXL)",4,0.22%,4,0.20%,50%,0,0,0.00%,0.00%,US$0.00 ,US$0.00 ,0,0
B073W5TW8T,B073WT7S1J,"MEIAOMA Womens Quilted Biker Jacket(Red,M)",2,0.11%,2,0.10%,0%,0,0,0.00%,0.00%,US$0.00 ,US$0.00 ,0,0
B073W39HF6,B073WTPJLR,"MEIAOMA Womens Faux Leather Zip Up Moto Biker Jacket With Stitching Detail(Black,M)",2,0.11%,2,0.10%,100%,0,0,0.00%,0.00%,US$0.00 ,US$0.00 ,0,0
B073W39HF6,B073WTQ7YC,"MEIAOMA Womens Faux Leather Zip Up Moto Biker Jacket With Stitching Detail(Black,XXL)",1,0.05%,1,0.05%,100%,0,0,0.00%,0.00%,US$0.00 ,US$0.00 ,0,0
B073W39HF6,B073WTTKP4,"MEIAOMA Womens Faux Leather Zip Up Moto Biker Jacket With Stitching Detail(Red,M)",1,0.05%,1,0.05%,100%,0,0,0.00%,0.00%,US$0.00 ,US$0.00 ,0,0
B073W39HF6,B073WTW1SS,"MEIAOMA Womens Faux Leather Zip Up Moto Biker Jacket With Stitching Detail(Blue,L)",1,0.05%,1,0.05%,100%,0,0,0.00%,0.00%,US$0.00 ,US$0.00 ,0,0
B073W5TW8T,B073WTZ549,"MEIAOMA Womens Quilted Biker Jacket(Coffee,M)",1,0.05%,1,0.05%,0%,0,0,0.00%,0.00%,US$0.00 ,US$0.00 ,0,0
B073W39HF6,B073WV1KVP,"MEIAOMA Womens Faux Leather Zip Up Moto Biker Jacket With Stitching Detail(Black,L)",1,0.05%,1,0.05%,100%,0,0,0.00%,0.00%,US$0.00 ,US$0.00 ,0,0
B073XMFYWX,B073XMFYWX,"Women's White Linen Pants Casual Loose Linen Cropped Wide Leg Pants(White,L)",29,1.59%,33,1.61%,94%,3,0,10.34%,0.00%,US$68.97 ,US$0.00 ,3,0
B074CS9H1P,B074CS535P,Women's 18-Hour Seamless Smoothing Bra Brown 47,1,0.05%,1,0.05%,100%,0,0,0.00%,0.00%,US$0.00 ,US$0.00 ,0,0
B074CS9H1P,B074CS5P3X,ZAIAI Women's 18-Hour Seamless Smoothing Bra Red 46,1,0.05%,1,0.05%,100%,0,0,0.00%,0.00%,US$0.00 ,US$0.00 ,0,0
B074CS9H1P,B074CSCRF6,ZAIAI Women's 18-Hour Seamless Smoothing Bra Brown 48,2,0.11%,2,0.10%,0%,0,0,0.00%,0.00%,US$0.00 ,US$0.00 ,0,0
B074CS9H1P,B074CSF1MY,ZAIAI Women's 18-Hour Seamless Smoothing Bra Red 48,3,0.16%,3,0.15%,100%,0,0,0.00%,0.00%,US$0.00 ,US$0.00 ,0,0
B074CS9H1P,B074CSG4ZS,ZAIAI Women's 18-Hour Seamless Smoothing Bra Apricot 48,2,0.11%,2,0.10%,100%,0,0,0.00%,0.00%,US$0.00 ,US$0.00 ,0,0
B074CS9H1P,B074CSPJVW,ZAIAI Women's 18-Hour Seamless Smoothing Bra Brown 46,3,0.16%,3,0.15%,0%,0,0,0.00%,0.00%,US$0.00 ,US$0.00 ,0,0
B074CX534Z,B074CV3L2T,Women's Laced & Lace Trimmed Bras Green 44,5,0.27%,5,0.24%,40%,0,0,0.00%,0.00%,US$0.00 ,US$0.00 ,0,0
B074CWG8L2,B074CW3HDD,ZAIAI Women's Embroidery Bras Set Lace Lingerie Bra and Panties White 38,10,0.55%,10,0.49%,90%,1,0,10.00%,0.00%,US$9.21 ,US$0.00 ,1,0
B074CWG8L2,B074CW3JWV,ZAIAI Women's Embroidery Bras Set Lace Lingerie Bra and Panties White 40,5,0.27%,5,0.24%,0%,0,0,0.00%,0.00%,US$0.00 ,US$0.00 ,0,0
B074CWG8L2,B074CW4J9M,ZAIAI Women's Embroidery Bras Set Lace Lingerie Bra and Panties White 44,5,0.27%,5,0.24%,20%,0,0,0.00%,0.00%,US$0.00 ,US$0.00 ,0,0
B074CX534Z,B074CWBNL1,ZAIAI Women's Laced & Lace Trimmed Bras Rose Red 44,4,0.22%,4,0.20%,25%,0,0,0.00%,0.00%,US$0.00 ,US$0.00 ,0,0
B074CWG8L2,B074CWG2B2,ZAIAI Women's Embroidery Bras Set Lace Lingerie Bra and Panties White 48,3,0.16%,3,0.15%,0%,0,0,0.00%,0.00%,US$0.00 ,US$0.00 ,0,0
B074CWG8L2,B074CWG8L2,ZAIAI Women's Embroidery Bras Set Lace Lingerie Bra and Panties,4,0.22%,4,0.20%,0%,0,0,0.00%,0.00%,US$0.00 ,US$0.00 ,0,0
B074CX534Z,B074CWJNRX,ZAIAI Women's Laced & Lace Trimmed Bras Purple 40,4,0.22%,4,0.20%,50%,0,0,0.00%,0.00%,US$0.00 ,US$0.00 ,0,0
B074CX534Z,B074CWLV9M,Women's Laced & Lace Trimmed Bras Watermelon Red 46,3,0.16%,3,0.15%,0%,0,0,0.00%,0.00%,US$0.00 ,US$0.00 ,0,0
B074CX534Z,B074CWLZDG,ZAIAI Women's Laced & Lace Trimmed Bras Green 48,1,0.05%,1,0.05%,0%,0,0,0.00%,0.00%,US$0.00 ,US$0.00 ,0,0
B074CX534Z,B074CWMB5Z,ZAIAI Women's Laced & Lace Trimmed Bras Blue 44,1,0.05%,1,0.05%,0%,0,0,0.00%,0.00%,US$0.00 ,US$0.00 ,0,0
B074CX534Z,B074CWMB62,Women's Laced & Lace Trimmed Bras Red 46,1,0.05%,1,0.05%,100%,0,0,0.00%,0.00%,US$0.00 ,US$0.00 ,0,0
B074CX534Z,B074CWPQFT,ZAIAI Women's Laced & Lace Trimmed Bras Watermelon Red 44,1,0.05%,1,0.05%,100%,0,0,0.00%,0.00%,US$0.00 ,US$0.00 ,0,0
B074CX534Z,B074CWQJVH,Women's Laced & Lace Trimmed Bras Green 38,3,0.16%,3,0.15%,33%,0,0,0.00%,0.00%,US$0.00 ,US$0.00 ,0,0
B074CX534Z,B074CWR3FL,Women's Laced & Lace Trimmed Bras Red 48,2,0.11%,2,0.10%,0%,0,0,0.00%,0.00%,US$0.00 ,US$0.00 ,0,0
B074CX534Z,B074CWR4ZR,Women's Laced & Lace Trimmed Bras Purple 44,3,0.16%,4,0.20%,50%,0,0,0.00%,0.00%,US$0.00 ,US$0.00 ,0,0
B074CXQ86P,B074CWRDHL,Women's Bra Panty Set Rose Red 36,8,0.44%,11,0.54%,100%,0,0,0.00%,0.00%,US$0.00 ,US$0.00 ,0,0
B074CX534Z,B074CWSDCG,Women's Laced & Lace Trimmed Bras Purple 42,2,0.11%,2,0.10%,0%,0,0,0.00%,0.00%,US$0.00 ,US$0.00 ,0,0
B074CX534Z,B074CWSQFG,Women's Laced & Lace Trimmed Bras Red 38,2,0.11%,2,0.10%,0%,0,0,0.00%,0.00%,US$0.00 ,US$0.00 ,0,0
B074CX534Z,B074CWTBK6,ZAIAI Women's Laced & Lace Trimmed Bras Red 42,2,0.11%,2,0.10%,0%,0,0,0.00%,0.00%,US$0.00 ,US$0.00 ,0,0
B074CX534Z,B074CWTQW9,ZAIAI Women's Laced & Lace Trimmed Bras Blue 42,2,0.11%,2,0.10%,0%,0,0,0.00%,0.00%,US$0.00 ,US$0.00 ,0,0
B074CWG8L2,B074CWWB41,ZAIAI Women's Embroidery Bras Set Lace Lingerie Bra and Panties White 46,5,0.27%,5,0.24%,40%,1,0,20.00%,0.00%,US$8.86 ,US$0.00 ,1,0
B074CX534Z,B074CWYHQ7,ZAIAI Women's Laced & Lace Trimmed Bras Rose Red 38,2,0.11%,2,0.10%,100%,0,0,0.00%,0.00%,US$0.00 ,US$0.00 ,0,0
B074CX534Z,B074CWZG9L,Women's Laced & Lace Trimmed Bras Rose Red 48,1,0.05%,1,0.05%,100%,0,0,0.00%,0.00%,US$0.00 ,US$0.00 ,0,0
B074CX534Z,B074CWZSVH,ZAIAI Women's Laced & Lace Trimmed Bras Purple 48,1,0.05%,1,0.05%,100%,0,0,0.00%,0.00%,US$0.00 ,US$0.00 ,0,0
B074CX534Z,B074CX1PRD,ZAIAI Women's Laced & Lace Trimmed Bras Watermelon Red 38,1,0.05%,2,0.10%,50%,0,0,0.00%,0.00%,US$0.00 ,US$0.00 ,0,0
B074CX534Z,B074CX22LX,ZAIAI Women's Laced & Lace Trimmed Bras Red 40,1,0.05%,1,0.05%,0%,0,0,0.00%,0.00%,US$0.00 ,US$0.00 ,0,0
B074CX534Z,B074CX2BPL,ZAIAI Women's Laced & Lace Trimmed Bras Blue 46,3,0.16%,3,0.15%,67%,0,0,0.00%,0.00%,US$0.00 ,US$0.00 ,0,0
B074CX534Z,B074CX451K,ZAIAI Women's Laced & Lace Trimmed Bras Watermelon Red 42,1,0.05%,1,0.05%,0%,0,0,0.00%,0.00%,US$0.00 ,US$0.00 ,0,0
B074CX534Z,B074CX4VVP,ZAIAI Women's Laced & Lace Trimmed Bras Watermelon Red 48,3,0.16%,3,0.15%,33%,0,0,0.00%,0.00%,US$0.00 ,US$0.00 ,0,0
B074CX534Z,B074CX534Z,ZAIAI Women's Laced & Lace Trimmed Bras,1,0.05%,1,0.05%,0%,0,0,0.00%,0.00%,US$0.00 ,US$0.00 ,0,0
B074CX534Z,B074CX6ML1,ZAIAI Women's Laced & Lace Trimmed Bras Green 46,2,0.11%,2,0.10%,0%,0,0,0.00%,0.00%,US$0.00 ,US$0.00 ,0,0
B074CXQ86P,B074CX7218,Women's Bras Panties Red 36,5,0.27%,5,0.24%,100%,0,0,0.00%,0.00%,US$0.00 ,US$0.00 ,0,0
B074CXQ86P,B074CX73CM,Bras For Women Panties Rose Red 44,6,0.33%,6,0.29%,100%,0,0,0.00%,0.00%,US$0.00 ,US$0.00 ,0,0
B074CXQ86P,B074CX7NWQ,Women s Laced  and  Lace Sexy Trimmed Bra Set  Orange/Black  42/95,6,0.33%,6,0.29%,100%,0,0,0.00%,0.00%,US$0.00 ,US$0.00 ,0,0
B074CXQ86P,B074CX8YMH,Panty And Bra Sets For Women Blue 40,5,0.27%,5,0.24%,40%,0,0,0.00%,0.00%,US$0.00 ,US$0.00 ,0,0
B074CXQ86P,B074CX9229,"Women's Laced & Lace Sexy Trimmed Bras (40, Blue)",3,0.16%,3,0.15%,67%,0,0,0.00%,0.00%,US$0.00 ,US$0.00 ,0,0
B074CX534Z,B074CX95R8,ZAIAI Women's Laced & Lace Trimmed Bras Rose Red 46,3,0.16%,3,0.15%,0%,0,0,0.00%,0.00%,US$0.00 ,US$0.00 ,0,0
B074CXQ86P,B074CXBB31,ZAIAI Women's Bra Panty Set Bras Bright Green 46,0,0.00%,0,0.00%,0%,2,0,0.00%,0.00%,US$27.80 ,US$0.00 ,2,0
B074CX534Z,B074CXHT3T,ZAIAI Women's Laced & Lace Trimmed Bras Rose Red 40,4,0.22%,4,0.20%,0%,0,0,0.00%,0.00%,US$0.00 ,US$0.00 ,0,0
B074CXQ86P,B074CXK4TV,Panty And Bra Sets For Women Rose Red 42,4,0.22%,4,0.20%,50%,0,0,0.00%,0.00%,US$0.00 ,US$0.00 ,0,0
B074CXQ86P,B074CXK6RZ,Women's Matching Bra And Panty Sets Purple 36,5,0.27%,5,0.24%,20%,0,0,0.00%,0.00%,US$0.00 ,US$0.00 ,0,0
B074CXQ86P,B074CXLQVY,Women's Panty Bra Push Up Blue 38,10,0.55%,10,0.49%,80%,1,0,10.00%,0.00%,US$13.90 ,US$0.00 ,1,0
B074CXQ86P,B074CXMS2N,Women s Laced  and  Lace Sexy Trimmed Bra Set  Red/Black  44/100,2,0.11%,2,0.10%,50%,1,0,50.00%,0.00%,US$13.90 ,US$0.00 ,1,0
B074CXQ86P,B074CXNWMZ,Women's Pushup Bra Panty Set Orange 44,3,0.16%,3,0.15%,67%,1,0,33.33%,0.00%,US$13.90 ,US$0.00 ,1,0
B074CXQ86P,B074CXP24Y,Women's Bra Panty Set Bras Purple 42,3,0.16%,3,0.15%,67%,1,0,33.33%,0.00%,US$13.90 ,US$0.00 ,1,0
B074CXQ86P,B074CXPPQM,Women's Bras Panties Rose Red 46,4,0.22%,4,0.20%,50%,0,0,0.00%,0.00%,US$0.00 ,US$0.00 ,0,0
B074CXQ86P,B074CXQ86P,ZAIAI Women's Laced & Lace Sexy Trimmed Bras,18,0.99%,21,1.03%,5%,0,0,0.00%,0.00%,US$0.00 ,US$0.00 ,0,0
B074CXQ86P,B074CXR8YG,Women's Pushup Bra Panty Set Rose Red 40,3,0.16%,3,0.15%,0%,0,0,0.00%,0.00%,US$0.00 ,US$0.00 ,0,0
B074CS9H1P,B074CZ4S1V,Women's 18-Hour Seamless Smoothing Bra Red 42,2,0.11%,2,0.10%,50%,0,0,0.00%,0.00%,US$0.00 ,US$0.00 ,0,0
B074DWD9YY,B074DVCJDR,Women's Comfort Shape Concealing Petals Underwire Bra Silver Gray 36,3,0.16%,3,0.15%,67%,0,0,0.00%,0.00%,US$0.00 ,US$0.00 ,0,0
B074DW1685,B074DVQP6Q,ZAIAI Women's Cloud Wire-Free Contour Bra Apricot 32,1,0.05%,1,0.05%,0%,0,0,0.00%,0.00%,US$0.00 ,US$0.00 ,0,0
B074DW1685,B074DVVJND,Women's Cloud Wire-Free Contour Bra Black 32,1,0.05%,1,0.05%,100%,0,0,0.00%,0.00%,US$0.00 ,US$0.00 ,0,0
B074DWC6PK,B074DVW5HC,Women's Embroidery Bras Set Lace Lingerie Bra Light Purple 36,1,0.05%,1,0.05%,0%,0,0,0.00%,0.00%,US$0.00 ,US$0.00 ,0,0
B074DVQR1S,B074DVY5J8,Women's Comfort Revolution Front-Close Shaping Underwire Bra Light Orange 36,2,0.11%,2,0.10%,0%,0,0,0.00%,0.00%,US$0.00 ,US$0.00 ,0,0
B074DWC6PK,B074DVY6FY,ZAIAI Women's Embroidery Bras Set Lace Lingerie Bra Light Purple 44,2,0.11%,2,0.10%,0%,0,0,0.00%,0.00%,US$0.00 ,US$0.00 ,0,0
B074DWFHTM,B074DVZ847,ZAIAI Women's No Side Effects Wire-Free Contour Bra Silver Gray 36,1,0.05%,1,0.05%,0%,0,0,0.00%,0.00%,US$0.00 ,US$0.00 ,0,0
B074DWD9YY,B074DVZPS8,Women's Comfort Shape Concealing Petals Underwire Bra Black 36,1,0.05%,1,0.05%,100%,0,0,0.00%,0.00%,US$0.00 ,US$0.00 ,0,0
B074DW1685,B074DW1685,ZAIAI Women's Cloud Wire-Free Contour Bra,1,0.05%,1,0.05%,0%,0,0,0.00%,0.00%,US$0.00 ,US$0.00 ,0,0
B074DWC6PK,B074DW168F,Women's Embroidery Bras Set Lace Lingerie Bra Light Purple 40,3,0.16%,3,0.15%,0%,0,0,0.00%,0.00%,US$0.00 ,US$0.00 ,0,0
B074DVQR1S,B074DW1MXR,Women's Comfort Revolution Front-Close Shaping Underwire Bra Light Blue 34,2,0.11%,2,0.10%,0%,0,0,0.00%,0.00%,US$0.00 ,US$0.00 ,0,0
B074DW1685,B074DW274J,ZAIAI Women's Cloud Wire-Free Contour Bra Black 34,2,0.11%,2,0.10%,0%,0,0,0.00%,0.00%,US$0.00 ,US$0.00 ,0,0
B074DWC6PK,B074DW2BY6,ZAIAI Women's Embroidery Bras Set Lace Lingerie Bra Light Purple 42,2,0.11%,2,0.10%,50%,0,0,0.00%,0.00%,US$0.00 ,US$0.00 ,0,0
B074DVQR1S,B074DW2H3B,Women's Comfort Revolution Front-Close Shaping Underwire Bra Light Blue 36,1,0.05%,1,0.05%,0%,0,0,0.00%,0.00%,US$0.00 ,US$0.00 ,0,0
B074DVQR1S,B074DW2MGG,ZAIAI Women's Comfort Revolution Front-Close Shaping Underwire Bra Light Orange 38,2,0.11%,2,0.10%,0%,0,0,0.00%,0.00%,US$0.00 ,US$0.00 ,0,0
B074DVQR1S,B074DW5ZSD,ZAIAI Women's Comfort Revolution Front-Close Shaping Underwire Bra Light Orange 34,3,0.16%,3,0.15%,0%,0,0,0.00%,0.00%,US$0.00 ,US$0.00 ,0,0
B074DWFHTM,B074DW6NQD,ZAIAI Women's No Side Effects Wire-Free Contour Bra Black 38,2,0.11%,2,0.10%,50%,0,0,0.00%,0.00%,US$0.00 ,US$0.00 ,0,0
B074DWD9YY,B074DW762P,ZAIAI Women's Comfort Shape Concealing Petals Underwire Bra Silver Gray 40,5,0.27%,5,0.24%,0%,0,0,0.00%,0.00%,US$0.00 ,US$0.00 ,0,0
B074DWD9YY,B074DWBXBD,ZAIAI Women's Comfort Shape Concealing Petals Underwire Bra Black 40,2,0.11%,2,0.10%,50%,0,0,0.00%,0.00%,US$0.00 ,US$0.00 ,0,0
B074DWD9YY,B074DWD9YY,ZAIAI Women's Comfort Shape Concealing Petals Underwire Bra,2,0.11%,2,0.10%,0%,0,0,0.00%,0.00%,US$0.00 ,US$0.00 ,0,0
B074DWFHTM,B074DWFHTM,ZAIAI Women's No Side Effects Wire-Free Contour Bra,2,0.11%,3,0.15%,33%,0,0,0.00%,0.00%,US$0.00 ,US$0.00 ,0,0
B074DVQR1S,B074DWFV62,Women's Comfort Revolution Front-Close Shaping Underwire Bra Black 38,1,0.05%,1,0.05%,100%,0,0,0.00%,0.00%,US$0.00 ,US$0.00 ,0,0
B074DVQR1S,B074DWLT99,ZAIAI Women's Comfort Revolution Front-Close Shaping Underwire Bra Black 34,1,0.05%,1,0.05%,0%,0,0,0.00%,0.00%,US$0.00 ,US$0.00 ,0,0
B074DWC6PK,B074FJ37K7,Women's Embroidery Bras Set Lace Lingerie Bra Light Purple 38,1,0.05%,1,0.05%,0%,0,0,0.00%,0.00%,US$0.00 ,US$0.00 ,0,0
B074DWFHTM,B074FL1674,Women's No Side Effects Wire-Free Contour Bra Green 36,4,0.22%,4,0.20%,75%,0,0,0.00%,0.00%,US$0.00 ,US$0.00 ,0,0
B07D74P537,B074FP8NZF,"ZAIAI Women Sexy Lingerie For Women For Sex, Lace Bodysuit Mesh Babydoll Halter Chemise Strapped Outfits Black1",14,0.77%,19,0.93%,68%,0,0,0.00%,0.00%,US$0.00 ,US$0.00 ,0,0
B07D74P537,B074FP8V7K,ZAIAI Women's Lace Kimono Robe Babydoll Lingerie Mesh Nightgown Black3,4,0.22%,4,0.20%,75%,0,0,0.00%,0.00%,US$0.00 ,US$0.00 ,0,0
B074FPR99C,B074FPR99C,ZAIAI Women's Perfectly Fit Lightly Lined Memory Touch T-Shirt Bra,2,0.11%,2,0.10%,0%,0,0,0.00%,0.00%,US$0.00 ,US$0.00 ,0,0
B07D74P537,B074FPYB9N,ZAIAI Women's Florence Halter Dress with Garter and Stockings White,4,0.22%,5,0.24%,80%,0,0,0.00%,0.00%,US$0.00 ,US$0.00 ,0,0
B074FZYNXK,B074FQ29ZR,Women's Secrets Body Revelations Underwire Bra Apricot 34,1,0.05%,1,0.05%,0%,0,0,0.00%,0.00%,US$0.00 ,US$0.00 ,0,0
B07D74P537,B074FQSTJL,ZAIAI Women Sexy Lace Dress G-string Lingerie Sheer Babydoll Sleepwear Nightdress Robe Black2,9,0.49%,10,0.49%,40%,1,0,11.11%,0.00%,US$15.99 ,US$0.00 ,1,0
B074FPR99C,B074FQWCTK,ZAIAI Women's Perfectly Fit Lightly Lined Memory Touch T-Shirt Bra Apricot 36,1,0.05%,1,0.05%,0%,0,0,0.00%,0.00%,US$0.00 ,US$0.00 ,0,0
B074FR8NL9,B074FR8NL9,Women Sexy Cotton Thongs Intimates Briefs Tangas Ladies Panties(6 Pack) White XL,1,0.05%,1,0.05%,0%,0,0,0.00%,0.00%,US$0.00 ,US$0.00 ,0,0
B074FPR99C,B074FRC3TW,ZAIAI Women's Perfectly Fit Lightly Lined Memory Touch T-Shirt Bra Black 38,2,0.11%,2,0.10%,50%,0,0,0.00%,0.00%,US$0.00 ,US$0.00 ,0,0
B074FPR99C,B074FRWKSK,ZAIAI Women's Perfectly Fit Lightly Lined Memory Touch T-Shirt Bra Pink 38,2,0.11%,2,0.10%,100%,0,0,0.00%,0.00%,US$0.00 ,US$0.00 ,0,0
B074FS9DHG,B074FS9DHG,,1,0.05%,1,0.05%,0%,1,0,100.00%,0.00%,US$5.27 ,US$0.00 ,1,0
B074FPR99C,B074FSCZT2,Women's Perfectly Fit Lightly Lined Memory Touch T-Shirt Bra Black 42,2,0.11%,2,0.10%,50%,0,0,0.00%,0.00%,US$0.00 ,US$0.00 ,0,0
B074FSD3R1,B074FSD3R1,,0,0.00%,0,0.00%,0%,1,0,0.00%,0.00%,US$4.45 ,US$0.00 ,1,0
B074FSGM8N,B074FSGM8N,ZAIAI Women Sexy Cotton Thongs Intimates Briefs Tangas Ladies Panties(6 Pack) Apricot M,2,0.11%,2,0.10%,50%,0,0,0.00%,0.00%,US$0.00 ,US$0.00 ,0,0
B074FV1TSD,B074FSTDKH,"Women's 4 Pack Heather Low-Rise Hipster Panties, Assorted Colors(4 Pack)Dark Green L",1,0.05%,1,0.05%,0%,0,0,0.00%,0.00%,US$0.00 ,US$0.00 ,0,0
B074FSW752,B074FSW752,Women Sexy Cotton Thongs Intimates Briefs Tangas Ladies Panties(6 Pack) Rose Red L,1,0.05%,1,0.05%,0%,0,0,0.00%,0.00%,US$0.00 ,US$0.00 ,0,0
B074FV1TSD,B074FSXB2H,"Women's 4 Pack Heather Low-Rise Hipster Panties, Assorted Colors(4 Pack)Apricot M",1,0.05%,1,0.05%,0%,0,0,0.00%,0.00%,US$0.00 ,US$0.00 ,0,0
B074FTND94,B074FSXVNK,ZAIAI Women's Embroidery Bras Set Lace Lingerie Bra Red 38,1,0.05%,1,0.05%,100%,0,0,0.00%,0.00%,US$0.00 ,US$0.00 ,0,0
B074FT3DCL,B074FT3DCL,ZAIAI Women Sexy Cotton Thongs Intimates Briefs Tangas Ladies Panties(6 Pack) Sapphire L,1,0.05%,1,0.05%,0%,0,0,0.00%,0.00%,US$0.00 ,US$0.00 ,0,0
B074FT3T2H,B074FT3T2H,Women's Comfort Stretch Hipster (3 Pack) Sapphire 4XL,1,0.05%,1,0.05%,0%,0,0,0.00%,0.00%,US$0.00 ,US$0.00 ,0,0
B074FT665V,B074FT665V,ZAIAI Women Sexy Cotton Thongs Intimates Briefs Tangas Ladies Panties(6 Pack) Black L,1,0.05%,1,0.05%,0%,0,0,0.00%,0.00%,US$0.00 ,US$0.00 ,0,0
B074FTB99W,B074FTB99W,Women's Comfort Stretch Hipster (3 Pack) White 2XL,1,0.05%,1,0.05%,0%,0,0,0.00%,0.00%,US$0.00 ,US$0.00 ,0,0
B074FTCGDW,B074FTCGDW,Women's Invisible Seamless Bikini Underwear Half Back Coverage Panties(6 Pack) White M,1,0.05%,1,0.05%,0%,0,0,0.00%,0.00%,US$0.00 ,US$0.00 ,0,0
B074FV1TSD,B074FTCSP4,"Women's 4 Pack Heather Low-Rise Hipster Panties, Assorted Colors(4 Pack)Apricot XL",2,0.11%,2,0.10%,50%,0,0,0.00%,0.00%,US$0.00 ,US$0.00 ,0,0
B074FZYNXK,B074FTFWR7,Women's Secrets Body Revelations Underwire Bra Pink 34,1,0.05%,1,0.05%,0%,0,0,0.00%,0.00%,US$0.00 ,US$0.00 ,0,0
B074FZYNXK,B074FTPHX1,ZAIAI Women's Secrets Body Revelations Underwire Bra Pink 38,3,0.16%,3,0.15%,100%,0,0,0.00%,0.00%,US$0.00 ,US$0.00 ,0,0
B074FZYNXK,B074FTV42K,Women's Secrets Body Revelations Underwire Bra Pink 36,2,0.11%,2,0.10%,100%,0,0,0.00%,0.00%,US$0.00 ,US$0.00 ,0,0
B074FZYNXK,B074FTXNPM,Women's Secrets Body Revelations Underwire Bra Black 36,1,0.05%,1,0.05%,100%,0,0,0.00%,0.00%,US$0.00 ,US$0.00 ,0,0
B074FTYZMD,B074FTYZMD,ZAIAI Women's Invisible Seamless Bikini Underwear Half Back Coverage Panties(6 Pack) White L,1,0.05%,1,0.05%,0%,0,0,0.00%,0.00%,US$0.00 ,US$0.00 ,0,0
B074FZYNXK,B074FTZ9P4,ZAIAI Women's Secrets Body Revelations Underwire Bra Black 38,2,0.11%,2,0.10%,50%,0,0,0.00%,0.00%,US$0.00 ,US$0.00 ,0,0
B074FV1TSD,B074FV1TSD,,1,0.05%,1,0.05%,0%,0,0,0.00%,0.00%,US$0.00 ,US$0.00 ,0,0
B074FV2QSZ,B074FV2QSZ,ZAIAI Women's Invisible Seamless Bikini Underwear Half Back Coverage Panties(6 Pack) White XL,3,0.16%,3,0.15%,67%,0,0,0.00%,0.00%,US$0.00 ,US$0.00 ,0,0
B074FVCMHJ,B074FVCMHJ,ZAIAI Women's Comfort Stretch Hipster (3 Pack) Rose Red 4XL,2,0.11%,2,0.10%,0%,0,0,0.00%,0.00%,US$0.00 ,US$0.00 ,0,0
B074FVGPRW,B074FVGPRW,Women Sexy Cotton Thongs Intimates Briefs Tangas Ladies Panties(6 Pack) Rose Red XL,2,0.11%,2,0.10%,0%,0,0,0.00%,0.00%,US$0.00 ,US$0.00 ,0,0
B074FPR99C,B074FVKNXW,ZAIAI Women's Perfectly Fit Lightly Lined Memory Touch T-Shirt Bra Apricot 42,2,0.11%,2,0.10%,50%,0,0,0.00%,0.00%,US$0.00 ,US$0.00 ,0,0
B074FZYNXK,B074FVPGVL,Women's Secrets Body Revelations Underwire Bra Apricot 36,1,0.05%,1,0.05%,100%,0,0,0.00%,0.00%,US$0.00 ,US$0.00 ,0,0
B074FTND94,B074FVRK4X,Women's Embroidery Bras Set Lace Lingerie Bra Black 38,1,0.05%,1,0.05%,0%,0,0,0.00%,0.00%,US$0.00 ,US$0.00 ,0,0
B074FV1TSD,B074FVVHPR,"Women's 4 Pack Heather Low-Rise Hipster Panties, Assorted Colors(4 Pack)Dark Green M",2,0.11%,2,0.10%,50%,0,0,0.00%,0.00%,US$0.00 ,US$0.00 ,0,0
B074FVVYW2,B074FVVYW2,Women's Comfort Stretch Hipster (3 Pack) Lake Blue 3XL,3,0.16%,3,0.15%,33%,0,0,0.00%,0.00%,US$0.00 ,US$0.00 ,0,0
B074FV1TSD,B074FVYSML,"Women's 4 Pack Heather Low-Rise Hipster Panties, Assorted Colors(4 Pack)White L",1,0.05%,1,0.05%,0%,0,0,0.00%,0.00%,US$0.00 ,US$0.00 ,0,0
B074FV1TSD,B074FVZ2LG,ZAIAI Women's Thongs Cotton Breathable Panties Bikini Underwear(4 Pack) Black XL,1,0.05%,1,0.05%,0%,0,0,0.00%,0.00%,US$0.00 ,US$0.00 ,0,0
B074FW1DYK,B074FW1DYK,Women's Comfort Stretch Hipster (3 Pack) Sapphire 3XL,2,0.11%,2,0.10%,0%,0,0,0.00%,0.00%,US$0.00 ,US$0.00 ,0,0
B074FW571Z,B074FW571Z,Women's Comfort Stretch Hipster (3 Pack) White 3XL,1,0.05%,1,0.05%,0%,0,0,0.00%,0.00%,US$0.00 ,US$0.00 ,0,0
B074FZYNXK,B074FW623M,Women's Secrets Body Revelations Underwire Bra Black 34,1,0.05%,1,0.05%,0%,0,0,0.00%,0.00%,US$0.00 ,US$0.00 ,0,0
B074FZYNXK,B074FW6SKT,Women's Secrets Body Revelations Underwire Bra Apricot 38,2,0.11%,2,0.10%,50%,0,0,0.00%,0.00%,US$0.00 ,US$0.00 ,0,0
B074FW8FGF,B074FW8FGF,Women's Comfort Stretch Hipster (3 Pack) Lake Blue 4XL,2,0.11%,2,0.10%,50%,0,0,0.00%,0.00%,US$0.00 ,US$0.00 ,0,0
B074FWGTNB,B074FWGTNB,Womens Cotton Thong Underwear Lace Trim Soft Sexy Lingerie Panties Set(6 Pack) Watermelon Red M,1,0.05%,1,0.05%,0%,0,0,0.00%,0.00%,US$0.00 ,US$0.00 ,0,0
B074FWJYDS,B074FWJYDS,Women Sexy Cotton Thongs Intimates Briefs Tangas Ladies Panties(6 Pack) Apricot L,1,0.05%,1,0.05%,0%,0,0,0.00%,0.00%,US$0.00 ,US$0.00 ,0,0
B074FWRNDY,B074FWRNDY,ZAIAI Women's Comfort Stretch Hipster (3 Pack) Lake Blue 2XL,2,0.11%,2,0.10%,0%,0,0,0.00%,0.00%,US$0.00 ,US$0.00 ,0,0
B074FV1TSD,B074FWRY86,"Women's 4 Pack Heather Low-Rise Hipster Panties, Assorted Colors(4 Pack)Silver Gray XL",1,0.05%,1,0.05%,0%,0,0,0.00%,0.00%,US$0.00 ,US$0.00 ,0,0
B074FWT3JN,B074FWT3JN,Women's Comfort Stretch Hipster (3 Pack) Black 4XL,2,0.11%,2,0.10%,50%,0,0,0.00%,0.00%,US$0.00 ,US$0.00 ,0,0
B074FZYNXK,B074FX1CXN,Women's Secrets Body Revelations Underwire Bra Red 36,5,0.27%,5,0.24%,60%,0,0,0.00%,0.00%,US$0.00 ,US$0.00 ,0,0
B074FX3HCW,B074FX3HCW,ZAIAI Womens Cotton Thong Underwear Lace Trim Soft Sexy Lingerie Panties Set(6 Pack) Apricot M,4,0.22%,4,0.20%,75%,0,0,0.00%,0.00%,US$0.00 ,US$0.00 ,0,0
B074FPR99C,B074FX3ZFZ,Women's Perfectly Fit Lightly Lined Memory Touch T-Shirt Bra Pink 40,4,0.22%,4,0.20%,100%,0,0,0.00%,0.00%,US$0.00 ,US$0.00 ,0,0
B074FZYNXK,B074FX94G1,ZAIAI Women's Secrets Body Revelations Underwire Bra Red 34,2,0.11%,2,0.10%,0%,0,0,0.00%,0.00%,US$0.00 ,US$0.00 ,0,0
B074FTND94,B074FXCYQT,ZAIAI Women's Embroidery Bras Set Lace Lingerie Bra Blue 38,1,0.05%,1,0.05%,0%,0,0,0.00%,0.00%,US$0.00 ,US$0.00 ,0,0
B074FPR99C,B074FXLL7J,ZAIAI Women's Perfectly Fit Lightly Lined Memory Touch T-Shirt Bra Pink 42,2,0.11%,2,0.10%,50%,0,0,0.00%,0.00%,US$0.00 ,US$0.00 ,0,0
B074FV1TSD,B074FXLSHW,"Women's 4 Pack Heather Low-Rise Hipster Panties, Assorted Colors(4 Pack)Red L",1,0.05%,1,0.05%,0%,0,0,0.00%,0.00%,US$0.00 ,US$0.00 ,0,0
B074FXM33R,B074FXM33R,Women's Comfort Stretch Hipster (3 Pack) White 4XL,2,0.11%,2,0.10%,0%,0,0,0.00%,0.00%,US$0.00 ,US$0.00 ,0,0
B074FV1TSD,B074FXMP5R,ZAIAI Women's Thongs Cotton Breathable Panties Bikini Underwear(4 Pack) Dark Green XL,2,0.11%,2,0.10%,50%,0,0,0.00%,0.00%,US$0.00 ,US$0.00 ,0,0
B074FXSQV1,B074FXSQV1,Women's Comfort Stretch Hipster (3 Pack) Rose Red 2XL,1,0.05%,1,0.05%,0%,0,0,0.00%,0.00%,US$0.00 ,US$0.00 ,0,0
B074FXTKQH,B074FXTKQH,Women's Comfort Stretch Hipster (3 Pack) Apricot 2XL,2,0.11%,2,0.10%,0%,0,0,0.00%,0.00%,US$0.00 ,US$0.00 ,0,0
B074FXVQD5,B074FXVQD5,Women's Comfort Stretch Hipster (3 Pack) Apricot 4XL,1,0.05%,1,0.05%,0%,0,0,0.00%,0.00%,US$0.00 ,US$0.00 ,0,0
B074FYL2WF,B074FYL2WF,ZAIAI Women's Comfort Stretch Hipster (3 Pack) Black 3XL,3,0.16%,3,0.15%,67%,0,0,0.00%,0.00%,US$0.00 ,US$0.00 ,0,0
B074FYMTFF,B074FYMTFF,ZAIAI Women Sexy Cotton Thongs Intimates Briefs Tangas Ladies Panties(6 Pack) Pink L,2,0.11%,2,0.10%,50%,0,0,0.00%,0.00%,US$0.00 ,US$0.00 ,0,0
B074FV1TSD,B074FZHXMJ,ZAIAI Women's Thongs Cotton Breathable Panties Bikini Underwear(4 Pack) Red XL,2,0.11%,2,0.10%,0%,0,0,0.00%,0.00%,US$0.00 ,US$0.00 ,0,0
B074FPR99C,B074FZKWPJ,ZAIAI Women's Perfectly Fit Lightly Lined Memory Touch T-Shirt Bra Black 36,2,0.11%,2,0.10%,50%,0,0,0.00%,0.00%,US$0.00 ,US$0.00 ,0,0
B074K1JLQ3,B074JTR9T4,ZAIAI Women Bras Size Sports Bra Pink 36,4,0.22%,4,0.20%,75%,1,0,25.00%,0.00%,US$7.80 ,US$0.00 ,1,0
B074K1JLQ3,B074JTW9NR,ZAIAI Bras For Women Push Up Sports Bra Blue 40,2,0.11%,2,0.10%,0%,0,0,0.00%,0.00%,US$0.00 ,US$0.00 ,0,0
B074JVF4LK,B074JV1QKT,Women Brassiere Underwire Bra Apricot 40,2,0.11%,2,0.10%,0%,0,0,0.00%,0.00%,US$0.00 ,US$0.00 ,0,0
B074JYD8F3,B074JV7QWX,ZAIAI Women Bras 40D Sports Cup Bra Yoga Bra Gray 40,1,0.05%,1,0.05%,0%,0,0,0.00%,0.00%,US$0.00 ,US$0.00 ,0,0
B074JVF4LK,B074JVF4LK,Women Check Bras Push Up Underwire Bra,5,0.27%,5,0.24%,20%,0,0,0.00%,0.00%,US$0.00 ,US$0.00 ,0,0
B074JVF4LK,B074JVMQRW,Women Bras Cotton Underwire Bra Blue 36,7,0.38%,7,0.34%,71%,2,0,28.57%,0.00%,US$22.90 ,US$0.00 ,2,0
B074K1JLQ3,B074JW46DX,Womens Yoga Sport Bra Light Support Strappy Free To Be Bra Green 40,3,0.16%,3,0.15%,0%,0,0,0.00%,0.00%,US$0.00 ,US$0.00 ,0,0
B074JYD8F3,B074JW5XZ4,Women Bras Sports Bra Lake Blue 40,6,0.33%,6,0.29%,100%,0,0,0.00%,0.00%,US$0.00 ,US$0.00 ,0,0
B074JVF4LK,B074JW998T,Big Girls' Molded Underwire Bra Blue 38,2,0.11%,2,0.10%,0%,0,0,0.00%,0.00%,US$0.00 ,US$0.00 ,0,0
B074K1JLQ3,B074JW9ZRS,ZAIAI Women Bras Green Bras For Women Green 38,4,0.22%,4,0.20%,0%,0,0,0.00%,0.00%,US$0.00 ,US$0.00 ,0,0
B074JYD8F3,B074JWL4F2,Women Bras Plus Size Front Hook Sports Bra For Women Gray 38,4,0.22%,4,0.20%,0%,1,0,25.00%,0.00%,US$7.99 ,US$0.00 ,1,0
B074JYD8F3,B074JWL6PF,Women Bras Wireless Sports Bra Yoga Tops Activewear Workout For Women Gray 36,4,0.22%,4,0.20%,0%,0,0,0.00%,0.00%,US$0.00 ,US$0.00 ,0,0
B074K1JLQ3,B074JWQ644,ZAIAI Women Bras Clearance Strappy Sports Bra Blue 36,7,0.38%,7,0.34%,86%,0,0,0.00%,0.00%,US$0.00 ,US$0.00 ,0,0
B074JYD8F3,B074JWS1CB,Women Bras Plus Size Wirefree Sports Bra Lake Blue 38,5,0.27%,5,0.24%,40%,0,0,0.00%,0.00%,US$0.00 ,US$0.00 ,0,0
B074JYD8F3,B074JX2YCN,ZAIAI Women Brassiere Sports Bra Yoga Bralettes Rose Red 40,5,0.27%,5,0.24%,40%,0,0,0.00%,0.00%,US$0.00 ,US$0.00 ,0,0
B074K1JLQ3,B074JX2YCX,Womens Apparel Strappy Sports Bra Blue 38,4,0.22%,4,0.20%,0%,0,0,0.00%,0.00%,US$0.00 ,US$0.00 ,0,0
B074JVF4LK,B074JXFM38,Women Bra Plus Size Cotton Bras Light Blue 38,4,0.22%,4,0.20%,25%,0,0,0.00%,0.00%,US$0.00 ,US$0.00 ,0,0
B074K1JLQ3,B074JXGVBD,ZAIAI Sports Bras For Women Plus Size Purple 38,2,0.11%,2,0.10%,0%,0,0,0.00%,0.00%,US$0.00 ,US$0.00 ,0,0
B074JVF4LK,B074JXHFTJ,Big Girls'Basic Nursing Bra Red 36,4,0.22%,4,0.20%,0%,0,0,0.00%,0.00%,US$0.00 ,US$0.00 ,0,0
B074JVF4LK,B074JXQX4Z,Women Bras 36B Invisible Bra Light Blue 36,5,0.27%,5,0.24%,40%,0,0,0.00%,0.00%,US$0.00 ,US$0.00 ,0,0
B074K1JLQ3,B074JXZSJM,ZAIAI Women Bras No Wire Sports Bra Watermelon Red 40,3,0.16%,3,0.15%,0%,1,0,33.33%,0.00%,US$7.99 ,US$0.00 ,1,0
B074JVF4LK,B074JXZYR5,Bras For Women No Underwire Apricot 34,7,0.38%,7,0.34%,57%,0,0,0.00%,0.00%,US$0.00 ,US$0.00 ,0,0
B074JVF4LK,B074JY1RXB,Women Bras Underwire Shape Bra Red 38,3,0.16%,3,0.15%,0%,0,0,0.00%,0.00%,US$0.00 ,US$0.00 ,0,0
B074K1JLQ3,B074JY219R,ZAIAI Womens Yoga Purple Sports Bra Purple 40,3,0.16%,3,0.15%,0%,0,0,0.00%,0.00%,US$0.00 ,US$0.00 ,0,0
B074JYD8F3,B074JYD8F3,ZAIAI Padded Strappy Sports Bra Yoga Tops Activewear Workout Clothes For Women,2,0.11%,3,0.15%,0%,0,0,0.00%,0.00%,US$0.00 ,US$0.00 ,0,0
B074K1JLQ3,B074JYMHZL,Women Bras Size Underwire Bra Red 36,4,0.22%,4,0.20%,25%,1,0,25.00%,0.00%,US$9.99 ,US$0.00 ,1,0
B074JVF4LK,B074JYYM5F,Women Bras On Sale 38b Nursing Bra Black 38,2,0.11%,2,0.10%,0%,0,0,0.00%,0.00%,US$0.00 ,US$0.00 ,0,0
B074JVF4LK,B074JZ1THP,Women Bras Black Strappy BraLight Blue 40,12,0.66%,13,0.64%,92%,0,0,0.00%,0.00%,US$0.00 ,US$0.00 ,0,0
B074K1JLQ3,B074JZ2HSX,ZAIAI Maidenform Bra Sports Bras For Women Green 36,2,0.11%,2,0.10%,0%,0,0,0.00%,0.00%,US$0.00 ,US$0.00 ,0,0
B074K1JLQ3,B074JZ42X6,ZAIAI Women Bras Maidenform Sexy Bra Watermelon Red 38,2,0.11%,2,0.10%,0%,0,0,0.00%,0.00%,US$0.00 ,US$0.00 ,0,0
B074K1JLQ3,B074K1913X,Women Bras On Sale Purple Sports Cup Bra Purple 36,1,0.05%,1,0.05%,0%,0,0,0.00%,0.00%,US$0.00 ,US$0.00 ,0,0
B074K1JLQ3,B074K1JLQ3,ZAIAI Womens Yoga Sport Bra Light Support Strappy Free to Be Bra,8,0.44%,8,0.39%,0%,0,0,0.00%,0.00%,US$0.00 ,US$0.00 ,0,0
B074JYD8F3,B074K1L386,ZAIAI Women Bras Sports Sexy Bra Lake Blue 36,2,0.11%,2,0.10%,0%,1,0,50.00%,0.00%,US$7.68 ,US$0.00 ,1,0
B074JVF4LK,B074K24HL3,Women Brassiere Nursing Bra Light Blue 34,1,0.05%,1,0.05%,0%,0,0,0.00%,0.00%,US$0.00 ,US$0.00 ,0,0
B074JYD8F3,B074K26CND,ZAIAI Women Bras On Slearance Bras For Women Rose Red 38,2,0.11%,2,0.10%,0%,0,0,0.00%,0.00%,US$0.00 ,US$0.00 ,0,0
B074K1JLQ3,B074K2GJCF,Women Bras Comfort Perfect Sculpt Bra Strapless Watermelon Red 36,2,0.11%,2,0.10%,50%,0,0,0.00%,0.00%,US$0.00 ,US$0.00 ,0,0
B074JVF4LK,B074K2QJ5H,Women Bras Push Up Girls Bras Black 32,2,0.11%,2,0.10%,50%,0,0,0.00%,0.00%,US$0.00 ,US$0.00 ,0,0
B074JVF4LK,B074K2VQNZ,Women Bras Plus Size On Sale Big Girls Bra Apricot 34,3,0.16%,3,0.15%,67%,0,0,0.00%,0.00%,US$0.00 ,US$0.00 ,0,0
B074K1JLQ3,B074K3MSFD,ZAIAI Women Bras On Sale 38A Bras For Women Pink 38,2,0.11%,3,0.15%,0%,0,0,0.00%,0.00%,US$0.00 ,US$0.00 ,0,0
B074JVF4LK,B074K3VJ4G,Sleep Bras For Women Free Bra Red 34,2,0.11%,2,0.10%,50%,0,0,0.00%,0.00%,US$0.00 ,US$0.00 ,0,0
B074K1JLQ3,B074K3YM47,Women Bras On Sale Plus Size Every Day Sports Bra Red 38,2,0.11%,2,0.10%,0%,1,0,50.00%,0.00%,US$9.99 ,US$0.00 ,1,0
B074JVF4LK,B074K4DJJR,Bras For Women Big Girls Bra Blue 38,3,0.16%,3,0.15%,0%,0,0,0.00%,0.00%,US$0.00 ,US$0.00 ,0,0
B074JVF4LK,B074K4DJKF,Women Bras Nursing Bra Black 34,4,0.22%,4,0.20%,50%,0,0,0.00%,0.00%,US$0.00 ,US$0.00 ,0,0
B074K1JLQ3,B074K4GLGJ,ZAIAI Women Bras Comfor Straps Sports Bra Red 40,3,0.16%,3,0.15%,0%,1,0,33.33%,0.00%,US$9.99 ,US$0.00 ,1,0
B074JVF4LK,B074K4K838,Women Bras On Clearance Underwire Bra Black 38,4,0.22%,4,0.20%,50%,0,0,0.00%,0.00%,US$0.00 ,US$0.00 ,0,0
B074K1JLQ3,B074K4N247,ZAIAI Sports Bras For Women Strappy Free To Be Bra Pink 40,5,0.27%,6,0.29%,67%,0,0,0.00%,0.00%,US$0.00 ,US$0.00 ,0,0
B074JVF4LK,B074K53FDK,Women Bras On Sale Nursing Bra Underwire Red 34,3,0.16%,3,0.15%,100%,0,0,0.00%,0.00%,US$0.00 ,US$0.00 ,0,0
B074JYD8F3,B074K5FMRM,ZAIAI Women Bras Sports Bras For Women Rose Red 36,1,0.05%,1,0.05%,0%,1,0,100.00%,0.00%,US$7.99 ,US$0.00 ,1,0
B074P1BLMD,B074NNZXDV,"ZAIAI Qeauty Adhesive Bra,Push Up Drawstring Strapless Bra with Qualities for Sexy Backless Dress Apricot2 C Cup",1,0.05%,1,0.05%,0%,1,0,100.00%,0.00%,US$8.79 ,US$0.00 ,1,0
B074P1BLMD,B074NQW76F,ZAIAI LALABRA Women's Strapless Bra Self Adhesive Silicone Push Up with Drawstring Black1 B Cup,1,0.05%,1,0.05%,0%,0,0,0.00%,0.00%,US$0.00 ,US$0.00 ,0,0
B074P1BLMD,B074NQW8FF,"ZAIAI Qeauty Adhesive Bra,Push Up Drawstring Strapless Bra with Qualities for Sexy Backless Dress Apricot2 D Cup",1,0.05%,1,0.05%,0%,0,0,0.00%,0.00%,US$0.00 ,US$0.00 ,0,0
B074P1BLMD,B074NWMYV7,"Qeauty Adhesive Bra,Push Up Drawstring Strapless Bra with Qualities for Sexy Backless Dress Black2 B Cup",3,0.16%,3,0.15%,67%,0,0,0.00%,0.00%,US$0.00 ,US$0.00 ,0,0
B074P1BLMD,B074NXL8BJ,"ZAIAI Qeauty Adhesive Bra,Push Up Drawstring Strapless Bra with Qualities for Sexy Backless Dress Black2 C Cup",3,0.16%,3,0.15%,33%,0,0,0.00%,0.00%,US$0.00 ,US$0.00 ,0,0
B074P1BLMD,B074NXZPYK,"ZAIAI Qeauty Adhesive Bra,Push Up Drawstring Strapless Bra with Qualities for Sexy Backless Dress Apricot2 A Cup",2,0.11%,2,0.10%,100%,0,0,0.00%,0.00%,US$0.00 ,US$0.00 ,0,0
B074P1BLMD,B074NY9YM1,"ZAIAI Qeauty Adhesive Bra,Push Up Drawstring Strapless Bra with Qualities for Sexy Backless Dress Apricot2 B Cup",1,0.05%,1,0.05%,0%,0,0,0.00%,0.00%,US$0.00 ,US$0.00 ,0,0
B074P1BLMD,B074NYX45B,"ZAIAI Qeauty Adhesive Bra,Push Up Drawstring Strapless Bra with Qualities for Sexy Backless Dress Black2 A Cup",1,0.05%,1,0.05%,0%,0,0,0.00%,0.00%,US$0.00 ,US$0.00 ,0,0
B074P1BLMD,B074NZSTV3,ZAIAI LALABRA Women's Strapless Bra Self Adhesive Silicone Push Up with Drawstring Apricot1 C Cup,1,0.05%,1,0.05%,0%,0,0,0.00%,0.00%,US$0.00 ,US$0.00 ,0,0
B074P1BLMD,B074P1BLMD,"ZAIAI Qeauty Adhesive Bra,Push Up Drawstring Strapless Bra With Qualities For Sexy Backless Dress",2,0.11%,2,0.10%,0%,0,0,0.00%,0.00%,US$0.00 ,US$0.00 ,0,0
B074P1BLMD,B074P1H1SL,"ZAIAI Qeauty Adhesive Bra,Push Up Drawstring Strapless Bra with Qualities for Sexy Backless Dress Black2 D Cup",3,0.16%,3,0.15%,100%,0,0,0.00%,0.00%,US$0.00 ,US$0.00 ,0,0
B074P1BLMD,B074P2RFBZ,ZAIAI LALABRA Women's Strapless Bra Self Adhesive Silicone Push Up with Drawstring Black1 A Cup,1,0.05%,1,0.05%,0%,0,0,0.00%,0.00%,US$0.00 ,US$0.00 ,0,0
B074Q9S43R,B074Q9CTNJ,Sports Bras For Women Padded Sports Bra Lake Blue 36,4,0.22%,4,0.20%,75%,1,0,25.00%,0.00%,US$7.89 ,US$0.00 ,1,0
B074Q9S43R,B074Q9RQFH,ZAIAI Women Bras Comfort Sports Bras For Women Green 38,3,0.16%,3,0.15%,67%,0,0,0.00%,0.00%,US$0.00 ,US$0.00 ,0,0
B074Q9S43R,B074Q9S43R,ZAIAI Womens Yoga Sport Bra Light Support Strappy Free to Be Bra,16,0.88%,16,0.78%,0%,0,0,0.00%,0.00%,US$0.00 ,US$0.00 ,0,0
B074Q9S43R,B074QCGCJC,Sports Bras For Teens Seamless Nursing Bra Green 34,5,0.27%,6,0.29%,50%,1,0,20.00%,0.00%,US$9.99 ,US$0.00 ,1,0
B074Q9S43R,B074QCYQ9L,ZAIAI Nursing Bra Underwire No Bra Bra Rose Red 38,7,0.38%,9,0.44%,100%,0,0,0.00%,0.00%,US$0.00 ,US$0.00 ,0,0
B074Q9S43R,B074QDS9ZN,ZAIAI Womens Yoga Sport Bra For Free Bra Red 34,4,0.22%,5,0.24%,40%,1,0,25.00%,0.00%,US$9.99 ,US$0.00 ,1,0
B074Q9S43R,B074QDSYXY,ZAIAI Womens Yoga Strappy Sports Bra Green 36,3,0.16%,3,0.15%,0%,0,0,0.00%,0.00%,US$0.00 ,US$0.00 ,0,0
B074Q9S43R,B074QFDH8R,ZAIAI Sports Bras For Women Plus Size Rose Red 36,7,0.38%,7,0.34%,100%,2,0,28.57%,0.00%,US$10.82 ,US$0.00 ,2,0
B074Q9S43R,B074QG3P8G,Womens Yoga Shefit Sports Bra Red 38,5,0.27%,6,0.29%,50%,0,0,0.00%,0.00%,US$0.00 ,US$0.00 ,0,0
B074Q9S43R,B074QGD61W,ZAIAI Womens Sports Bra Small Lightly Padded Rose Red 34,3,0.16%,3,0.15%,0%,0,0,0.00%,0.00%,US$0.00 ,US$0.00 ,0,0
B074Q9S43R,B074QGLLQN,ZAIAI Nursing Bras For Women Sports Bra Red 36,3,0.16%,3,0.15%,33%,3,0,100.00%,0.00%,US$29.97 ,US$0.00 ,3,0
B074Q9S43R,B074QJ923S,ZAIAI Sports Bra 34B Running Bra Lake Blue 34,5,0.27%,5,0.24%,60%,0,0,0.00%,0.00%,US$0.00 ,US$0.00 ,0,0
B074Q9S43R,B074QQ5S79,ZAIAI Women Bras and Panties Sexy Bra Lake Blue 38,3,0.16%,4,0.20%,50%,1,0,33.33%,0.00%,US$7.97 ,US$0.00 ,1,0
B0761NM3BZ,B0761MLYTQ,ZAIAI Women's Quilted Puffer Jacket Coat with Faux Fur Trimmed Hood Navy XL,10,0.55%,11,0.54%,73%,0,0,0.00%,0.00%,US$0.00 ,US$0.00 ,0,0
B0761NM3BZ,B0761MXCJB,ZAIAI Women's Quilted Puffer Jacket Coat with Faux Fur Trimmed Hood Navy S,9,0.49%,9,0.44%,56%,0,0,0.00%,0.00%,US$0.00 ,US$0.00 ,0,0
B0761NM3BZ,B0761N286T,ZAIAI Women's Parka Winter Coat Overcoat Long Down Jacket Outwear Navy S,14,0.77%,15,0.73%,13%,0,0,0.00%,0.00%,US$0.00 ,US$0.00 ,0,0
B0761NM3BZ,B0761N3HJ3,Womens Hooded Warm Winter Faux Fur Lined Parkas Anoraks Long Coats Black XL,6,0.33%,6,0.29%,0%,0,0,0.00%,0.00%,US$0.00 ,US$0.00 ,0,0
B0761NM3BZ,B0761N46BN,ZAIAI Women's Coat with Fur Hood with 90% Down Parka Puffer Jacket Beige XL,13,0.71%,14,0.68%,14%,0,0,0.00%,0.00%,US$0.00 ,US$0.00 ,0,0
B0761NM3BZ,B0761NFQMT,ZAIAI Women's Anorak Parka Coat Silver Gray,12,0.66%,17,0.83%,76%,3,0,25.00%,0.00%,US$110.28 ,US$0.00 ,3,0
B0761NM3BZ,B0761NFTQC,ZAIAI Women's Coat with Fur Hood with 90% Down Parka Puffer Jacket Beige M,4,0.22%,5,0.24%,0%,0,0,0.00%,0.00%,US$0.00 ,US$0.00 ,0,0
B0761NM3BZ,B0761NGWJD,ZAIAI Women's Coat with Fur Hood with 90% Down Parka Puffer Jacket Black L,5,0.27%,6,0.29%,0%,0,0,0.00%,0.00%,US$0.00 ,US$0.00 ,0,0
B0761NM3BZ,B0761NGYTK,Womens Hooded Warm Coats Parkas With Fax Fur Jackets Navy XXL,24,1.31%,27,1.32%,4%,0,0,0.00%,0.00%,US$0.00 ,US$0.00 ,0,0
B0761NM3BZ,B0761NHB1Y,ZAIAI Women's Coat with Fur Hood with 90% Down Parka Puffer Jacket Beige XS,9,0.49%,9,0.44%,22%,0,0,0.00%,0.00%,US$0.00 ,US$0.00 ,0,0
B0761NM3BZ,B0761NJPNM,ZAIAI Women's Parka Winter Coat Overcoat Long Down Jacket Outwear Beige M,21,1.15%,26,1.27%,12%,0,0,0.00%,0.00%,US$0.00 ,US$0.00 ,0,0
B0761NM3BZ,B0761NM1NH,ZAIAI Womens Wool Jacket Coat Outwear Parka Overcoat Beige M,9,0.49%,9,0.44%,0%,0,0,0.00%,0.00%,US$0.00 ,US$0.00 ,0,0
B0761NM3BZ,B0761NM3BZ,ZAIAI Women's Polar Freeze Short Down Jacket Warm Winter Coat,58,3.18%,74,3.62%,0%,0,0,0.00%,0.00%,US$0.00 ,US$0.00 ,0,0
B0761NM3BZ,B0761NM3SZ,ZAIAI Women's Parka Winter Coat Overcoat Long Down Jacket Outwear Beige S,33,1.81%,41,2.01%,0%,0,0,0.00%,0.00%,US$0.00 ,US$0.00 ,0,0
B0761NM3BZ,B0761NNDWM,ZAIAI Women's Coat with Fur Hood with 90% Down Parka Puffer Jacket Black S,11,0.60%,13,0.64%,0%,0,0,0.00%,0.00%,US$0.00 ,US$0.00 ,0,0
B0761NM3BZ,B0761NNM84,ZAIAI Women's Parka Winter Coat Overcoat Long Down Jacket Outwear Beige XL,19,1.04%,19,0.93%,11%,0,0,0.00%,0.00%,US$0.00 ,US$0.00 ,0,0
B0761NM3BZ,B0761P4LK2,ZAIAI Women's Parka Winter Coat Overcoat Long Down Jacket Outwear Navy M,27,1.48%,34,1.66%,3%,0,0,0.00%,0.00%,US$0.00 ,US$0.00 ,0,0
B0761NM3BZ,B0761P4LKC,ZAIAI Women's Parka Winter Coat Overcoat Long Down Jacket Outwear Beige L,18,0.99%,19,0.93%,0%,0,0,0.00%,0.00%,US$0.00 ,US$0.00 ,0,0
B0761NM3BZ,B0761PBXCV,ZAIAI Women's Quilted Puffer Jacket Coat with Faux Fur Trimmed Hood Navy L,9,0.49%,12,0.59%,0%,0,0,0.00%,0.00%,US$0.00 ,US$0.00 ,0,0
B0761NM3BZ,B0761PDHV5,ZAIAI Women's Coat with Fur Hood with 90% Down Parka Puffer Jacket Black XS,4,0.22%,5,0.24%,0%,0,0,0.00%,0.00%,US$0.00 ,US$0.00 ,0,0
B0761NM3BZ,B0761PDMGN,ZAIAI Women's Parkas Anoraks Long Coats with Removable Faux Fur Trim Hood Black S,19,1.04%,23,1.13%,0%,0,0,0.00%,0.00%,US$0.00 ,US$0.00 ,0,0
B0761NM3BZ,B0761PL2N2,Womens Hooded Warm Coats Parkas With Fax Fur Jackets Navy S,11,0.60%,12,0.59%,0%,0,0,0.00%,0.00%,US$0.00 ,US$0.00 ,0,0
B0761NM3BZ,B0761PSPTJ,ZAIAI Women's Parkas Anoraks Long Coats with Removable Faux Fur Trim Hood Black L,7,0.38%,7,0.34%,0%,0,0,0.00%,0.00%,US$0.00 ,US$0.00 ,0,0
B0761NM3BZ,B0761PTZY2,ZAIAI Women's Parka Winter Coat Overcoat Long Down Jacket Outwear Beige XXL,16,0.88%,19,0.93%,21%,0,0,0.00%,0.00%,US$0.00 ,US$0.00 ,0,0
B0761NM3BZ,B0761PV952,ZAIAI Women's Coat With Fur Hood With 90% Down Parka Puffer Jacket Beige M,10,0.55%,12,0.59%,0%,0,0,0.00%,0.00%,US$0.00 ,US$0.00 ,0,0
B0761NM3BZ,B0761PWB12,ZAIAI Women's Coat with Fur Hood with 90% Down Parka Puffer Jacket Beige L,6,0.33%,6,0.29%,0%,0,0,0.00%,0.00%,US$0.00 ,US$0.00 ,0,0
B0761NM3BZ,B0761PXTK8,ZAIAI Womens Hooded Warm Coats Parkas With Fax Fur Jackets Navy L,5,0.27%,5,0.24%,100%,0,0,0.00%,0.00%,US$0.00 ,US$0.00 ,0,0
B0761NM3BZ,B0761Q4YF6,Womens Hooded Warm Coats Parkas With Fax Fur Jackets Navy M,11,0.60%,11,0.54%,100%,0,0,0.00%,0.00%,US$0.00 ,US$0.00 ,0,0
B0761NM3BZ,B0761Q7KPX,ZAIAI Womens Wool Jacket Coat Outwear Parka Overcoat Beige XL,7,0.38%,7,0.34%,0%,0,0,0.00%,0.00%,US$0.00 ,US$0.00 ,0,0
B0761NM3BZ,B0761Q9VPH,ZAIAI Womens Wool Jacket Coat Outwear Parka Overcoat Beige S,12,0.66%,15,0.73%,33%,0,0,0.00%,0.00%,US$0.00 ,US$0.00 ,0,0
B0761NM3BZ,B0761QBHM9,ZAIAI Womens Hooded Warm Winter Faux Fur Lined Parkas Anoraks Long Coats Black M,5,0.27%,5,0.24%,20%,0,0,0.00%,0.00%,US$0.00 ,US$0.00 ,0,0
B0761NM3BZ,B0761QW2JK,ZAIAI Womens Wool Jacket Coat Outwear Parka Overcoat Beige XXL,11,0.60%,12,0.59%,8%,0,0,0.00%,0.00%,US$0.00 ,US$0.00 ,0,0
B0761NM3BZ,B0761R6ZG2,ZAIAI Women's Quilted Puffer Jacket Coat with Faux Fur Trimmed Hood Navy XS,11,0.60%,11,0.54%,0%,0,0,0.00%,0.00%,US$0.00 ,US$0.00 ,0,0
B0761NM3BZ,B0761R93J2,ZAIAI Womens Hooded Warm Winter Faux Fur Lined Parkas Anoraks Long Coats Black XXL,11,0.60%,13,0.64%,8%,0,0,0.00%,0.00%,US$0.00 ,US$0.00 ,0,0
B0761NM3BZ,B0761S2M63,ZAIAI Women's Quilted Puffer Jacket Coat with Faux Fur Trimmed Hood Navy M,6,0.33%,7,0.34%,0%,0,0,0.00%,0.00%,US$0.00 ,US$0.00 ,0,0
B0761NM3BZ,B0761S8TXR,ZAIAI Womens Hooded Warm Winter Faux Fur Lined Parkas Anoraks Long Coats Black S,5,0.27%,5,0.24%,0%,0,0,0.00%,0.00%,US$0.00 ,US$0.00 ,0,0
B0761NM3BZ,B0761SKR3P,ZAIAI Women's Coat with Fur Hood with 90% Down Parka Puffer Jacket Black XL,12,0.66%,17,0.83%,24%,1,0,8.33%,0.00%,US$42.99 ,US$0.00 ,1,0
B0761NM3BZ,B0761V7L2R,ZAIAI Womens Hooded Warm Winter Faux Fur Lined Parkas Anoraks Long Coats Black L,8,0.44%,8,0.39%,0%,0,0,0.00%,0.00%,US$0.00 ,US$0.00 ,0,0
B078NPV9SY,B078NGPQK3,ZAIAI Women Super Soft Lace Bra Top Seamless Bralette Cup Wireless Bra Pink S,2,0.11%,2,0.10%,100%,0,0,0.00%,0.00%,US$0.00 ,US$0.00 ,0,0
B078NQ8ZF7,B078NN9LW4,ZAIAI Women Floral Lace Bralette Padded Breathable Sexy Racerback Lace Bra Bustier Black M,3,0.16%,3,0.15%,67%,0,0,0.00%,0.00%,US$0.00 ,US$0.00 ,0,0
B078NQ8ZF7,B078NN9RD2,ZAIAI Women's Microfiber Longline Lace Bralette White M,3,0.16%,3,0.15%,67%,0,0,0.00%,0.00%,US$0.00 ,US$0.00 ,0,0
B078NQ8ZF7,B078NNB2PQ,ZAIAI Women's Microfiber Longline Lace Bralette Yellow S,13,0.71%,15,0.73%,100%,2,0,15.38%,0.00%,US$37.98 ,US$0.00 ,2,0
B078NPV9SY,B078NNLWT7,ZAIAI Women Super Soft Lace Bra Top Seamless Bralette Cup Wireless Bra Black L,4,0.22%,4,0.20%,75%,0,0,0.00%,0.00%,US$0.00 ,US$0.00 ,0,0
B078NQ8ZF7,B078NNNW7X,Women Floral Lace Bralette Padded Breathable Sexy Racerback Lace Bra Bustier Black S,5,0.27%,5,0.24%,80%,0,0,0.00%,0.00%,US$0.00 ,US$0.00 ,0,0
B078NPV9SY,B078NNWT42,ZAIAI Women Super Soft Lace Bra Top Seamless Bralette Cup Wireless Bra Black M,6,0.33%,6,0.29%,83%,0,0,0.00%,0.00%,US$0.00 ,US$0.00 ,0,0
B078NPV9SY,B078NNYW4V,ZAIAI Women Super Soft Lace Bra Top Seamless Bralette Cup Wireless Bra Pink L,9,0.49%,10,0.49%,100%,0,0,0.00%,0.00%,US$0.00 ,US$0.00 ,0,0
B078NPV9SY,B078NNZ9M6,ZAIAI Women's Lace Bralette Wireless Band Lace Bra White XL,5,0.27%,7,0.34%,71%,0,0,0.00%,0.00%,US$0.00 ,US$0.00 ,0,0
B078NPV9SY,B078NNZQ5Y,ZAIAI Women Super Soft Lace Bra Top Seamless Bralette Cup Wireless Bra Black S,2,0.11%,2,0.10%,100%,0,0,0.00%,0.00%,US$0.00 ,US$0.00 ,0,0
B078NPV9SY,B078NNZWD6,ZAIAI Women Super Soft Lace Bra Top Seamless Bralette Cup Wireless Bra Pink XL,7,0.38%,7,0.34%,100%,0,0,0.00%,0.00%,US$0.00 ,US$0.00 ,0,0
B078NPV9SY,B078NPBXD2,ZAIAI Women Super Soft Lace Bra Top Seamless Bralette Cup Wireless Bra Black XL,2,0.11%,4,0.20%,100%,0,0,0.00%,0.00%,US$0.00 ,US$0.00 ,0,0
B078NPV9SY,B078NPV9SY,ZAIAI Women Super Soft Lace Bra Top Seamless Bralette Cup Wireless Bra,10,0.55%,13,0.64%,0%,0,0,0.00%,0.00%,US$0.00 ,US$0.00 ,0,0
B078NPV9SY,B078NPVY5T,ZAIAI Women's Lace Bralette Wireless Band Lace Bra Blue XL,2,0.11%,2,0.10%,0%,0,0,0.00%,0.00%,US$0.00 ,US$0.00 ,0,0
B078NPV9SY,B078NQ2LH1,ZAIAI Women's Lace Bralette Wireless Band Lace Bra Blue S,2,0.11%,2,0.10%,0%,0,0,0.00%,0.00%,US$0.00 ,US$0.00 ,0,0
B078NPV9SY,B078NQ6C6H,ZAIAI Women's Lace Bralette Wireless Band Lace Bra Blue M,3,0.16%,3,0.15%,67%,0,0,0.00%,0.00%,US$0.00 ,US$0.00 ,0,0
B078NQ8ZF7,B078NQ7BCX,ZAIAI Women's Microfiber Longline Lace Bralette White L,6,0.33%,6,0.29%,83%,0,0,0.00%,0.00%,US$0.00 ,US$0.00 ,0,0
B078NQ8ZF7,B078NQ8ZF7,ZAIAI Women Floral Lace Bralette Padded Breathable Sexy Racerback Lace Bra Bustier,13,0.71%,16,0.78%,12%,0,0,0.00%,0.00%,US$0.00 ,US$0.00 ,0,0
B078NQ8ZF7,B078NQ98JD,ZAIAI Women's Microfiber Longline Lace Bralette White S,4,0.22%,4,0.20%,50%,0,0,0.00%,0.00%,US$0.00 ,US$0.00 ,0,0
B078NQ8ZF7,B078NQ9D6V,ZAIAI Women Floral Lace Bralette Padded Breathable Sexy Racerback Lace Bra Bustier Black L,3,0.16%,3,0.15%,67%,1,0,33.33%,0.00%,US$18.99 ,US$0.00 ,1,0
B078NPV9SY,B078NQW8Y6,ZAIAI Women Super Soft Lace Bra Top Seamless Bralette Cup Wireless Bra Pink M,3,0.16%,3,0.15%,67%,0,0,0.00%,0.00%,US$0.00 ,US$0.00 ,0,0
B078NQ8ZF7,B078NQWBSV,Women's Microfiber Longline Lace Bralette Yellow M,12,0.66%,13,0.64%,85%,1,0,8.33%,0.00%,US$18.99 ,US$0.00 ,1,0
B078NPV9SY,B078NQZYP7,ZAIAI Women's Lace Bralette Wireless Band Lace Bra Blue L,5,0.27%,5,0.24%,100%,0,0,0.00%,0.00%,US$0.00 ,US$0.00 ,0,0
B078WR6PY8,B078WPW9YL,ZAIAI Women's Ultimate Lace Push-Up Bra Black 36C,3,0.16%,3,0.15%,0%,0,0,0.00%,0.00%,US$0.00 ,US$0.00 ,0,0
B078WR6PY8,B078WPYL96,ZAIAI Boyshort Panties Women Sexy Lace Fun Underwear Briefs Ladies Knickers Womens Triangle Thong Black XL,6,0.33%,7,0.34%,86%,1,0,16.67%,0.00%,US$6.99 ,US$0.00 ,1,0
B078WR6PY8,B078WQ3MJ9,ZAIAI Women Sexy Deep V Lace Underwire Bra Set Push Up Bra and Panties Sets Outfit Black 40C,4,0.22%,5,0.24%,60%,0,0,0.00%,0.00%,US$0.00 ,US$0.00 ,0,0
B078WR6PY8,B078WQCTTM,ZAIAI Boyshort Panties Women Sexy Lace Fun Underwear Briefs Ladies Knickers Womens Triangle Thong Black L,2,0.11%,2,0.10%,0%,0,0,0.00%,0.00%,US$0.00 ,US$0.00 ,0,0
B078WR6PY8,B078WQHD98,ZAIAI Boyshort Panties Women Sexy Lace Fun Underwear Briefs Ladies Knickers Womens Triangle Thong Black XXL,4,0.22%,4,0.20%,100%,2,0,50.00%,0.00%,US$13.98 ,US$0.00 ,1,0
B078WR6PY8,B078WQMW23,ZAIAI Smart Sexy Women's Signature Lace Unlined Underwire Bra Black 40C,3,0.16%,3,0.15%,33%,0,0,0.00%,0.00%,US$0.00 ,US$0.00 ,0,0
B078WR6PY8,B078WQN4YQ,ZAIAI Women Sexy Deep V Lace Underwire Bra Set Push Up Bra Outfit Apricot Black 38C,2,0.11%,2,0.10%,0%,0,0,0.00%,0.00%,US$0.00 ,US$0.00 ,0,0
B078WR6PY8,B078WQV8SF,ZAIAI Women Sexy Deep V Lace Underwire Bra Set Push Up Bra and Panties Sets Outfit Black 42C,3,0.16%,3,0.15%,0%,0,0,0.00%,0.00%,US$0.00 ,US$0.00 ,0,0
B078WR6PY8,B078WQVSNV,ZAIAI Smart Sexy Women's Signature Lace Unlined Underwire Bra Black 36C,3,0.16%,3,0.15%,0%,0,0,0.00%,0.00%,US$0.00 ,US$0.00 ,0,0
B078WR6PY8,B078WQY3NM,ZAIAI Boyshort Panties Women Sexy Lace Fun Underwear Briefs Ladies Knickers Womens Triangle Thong Black M,2,0.11%,2,0.10%,0%,0,0,0.00%,0.00%,US$0.00 ,US$0.00 ,0,0
B078WR6PY8,B078WR3XZL,ZAIAI Boyshort Panties Women Sexy Lace Fun Underwear Briefs Ladies Knickers Womens Triangle Thong Black S,2,0.11%,2,0.10%,50%,0,0,0.00%,0.00%,US$0.00 ,US$0.00 ,0,0
B078WR6PY8,B078WR4F43,ZAIAI Women Sexy Deep V Lace Underwire Bra Set Push Up Bra and Panties Sets Outfit Black 42C,3,0.16%,3,0.15%,100%,0,0,0.00%,0.00%,US$0.00 ,US$0.00 ,0,0
B078WR6PY8,B078WR6PY8,ZAIAI Women Sexy Deep V Lace Underwire Bra Set Push Up Bra and Panties Sets Outfit,4,0.22%,9,0.44%,0%,0,0,0.00%,0.00%,US$0.00 ,US$0.00 ,0,0
B078WR6PY8,B078WRLGFX,ZAIAI Women Sexy Deep V Lace Underwire Bra Set Push Up Bra and Panties Sets Outfit Black 44C,2,0.11%,2,0.10%,0%,0,0,0.00%,0.00%,US$0.00 ,US$0.00 ,0,0
B078WR6PY8,B078WRMSBV,ZAIAI Smart Sexy Women's Signature Lace Unlined Underwire Bra Black 38C,1,0.05%,1,0.05%,0%,0,0,0.00%,0.00%,US$0.00 ,US$0.00 ,0,0
B07B3TXJH7,B07B3TW6D2,ZAIAI Women's Comfort Revolution Shaping Wire-Free Bra with Smart Sizes White/Rose/Purple Melange S,2,0.11%,2,0.10%,50%,0,0,0.00%,0.00%,US$0.00 ,US$0.00 ,0,0
B07B3TXJH7,B07B3TXJH7,ZAIAI Women's Cozy Seamless Wire-Free Top Bra Every Day Bras,12,0.66%,13,0.64%,0%,0,0,0.00%,0.00%,US$0.00 ,US$0.00 ,0,0
B07B3TXJH7,B07B3V3BV5,ZAIAI Women's Comfort Revolution Shaping Wire-Free Bra Pack of 3 White/Rose/Purple Melange M,4,0.22%,4,0.20%,50%,0,0,0.00%,0.00%,US$0.00 ,US$0.00 ,0,0
B07B3TXJH7,B07B3V3G8H,ZAIAI Women's Comfort Revolution Shaping Wire-Free Bra Pack of 3 White/Rose/Purple Melange L,3,0.16%,3,0.15%,33%,0,0,0.00%,0.00%,US$0.00 ,US$0.00 ,0,0
B07BKR9KYR,B07BKNH45J,ZAIAI Women's Microfiber Longline Lace Bralette Black S,4,0.22%,4,0.20%,25%,0,0,0.00%,0.00%,US$0.00 ,US$0.00 ,0,0
B07B3TXJH7,B07BKNWPWQ,ZAIAI Women's Comfort Revolution Shaping Wire-Free Bra Pack of 2 Rose/Purple Melange M,7,0.38%,8,0.39%,62%,4,0,57.14%,0.00%,US$51.96 ,US$0.00 ,4,0
B07BKTFWMH,B07BKPX8X2,Women's Lace Bralette Wireless Band Lace Bra Light Purple S,3,0.16%,3,0.15%,33%,0,0,0.00%,0.00%,US$0.00 ,US$0.00 ,0,0
B07BKTFWMH,B07BKQTYFV,ZAIAI Women Super Soft Lace Bra Top Seamless Bralette Cup Wireless Bra Black L,1,0.05%,1,0.05%,0%,0,0,0.00%,0.00%,US$0.00 ,US$0.00 ,0,0
B07BKR9KYR,B07BKR7DCF,ZAIAI Women's Microfiber Longline Lace Bralette Black L,6,0.33%,6,0.29%,83%,2,0,33.33%,0.00%,US$33.98 ,US$0.00 ,2,0
B07BKR9KYR,B07BKR7DCG,Women's Microfiber Longline Lace Bralette Pink L,12,0.66%,15,0.73%,93%,0,0,0.00%,0.00%,US$0.00 ,US$0.00 ,0,0
B07BKR9KYR,B07BKR8D8Z,ZAIAI Women's Microfiber Longline Lace Bralette Pink S,17,0.93%,20,0.98%,95%,0,0,0.00%,0.00%,US$0.00 ,US$0.00 ,0,0
B07BKR9KYR,B07BKR9KYR,ZAIAI Women Floral Lace Bralette Padded Breathable Sexy Racerback Lace Bra Bustier,19,1.04%,20,0.98%,0%,0,0,0.00%,0.00%,US$0.00 ,US$0.00 ,0,0
B07BKTFWMH,B07BKRLXJK,ZAIAI Women's Lace Bralette Wireless Band Lace Bra Light Purple L,3,0.16%,3,0.15%,67%,0,0,0.00%,0.00%,US$0.00 ,US$0.00 ,0,0
B07BKTFWMH,B07BKRPH4T,ZAIAI Women's Lace Bralette Wireless Band Lace Bra Light Purple M,4,0.22%,4,0.20%,50%,0,0,0.00%,0.00%,US$0.00 ,US$0.00 ,0,0
B07B3TXJH7,B07BKS4NK1,ZAIAI Women's Comfort Revolution Shaping Wire-Free Bra with Smart Sizes Purple Melange L,5,0.27%,5,0.24%,40%,0,0,0.00%,0.00%,US$0.00 ,US$0.00 ,0,0
B07BKR9KYR,B07BKSWCR3,ZAIAI Women's Microfiber Longline Lace Bralette Pink M,7,0.38%,8,0.39%,62%,1,0,14.29%,0.00%,US$16.99 ,US$0.00 ,1,0
B07BKTFWMH,B07BKSX1D6,Women Super Soft Lace Bra Top Seamless Bralette Cup Wireless Bra Black S,3,0.16%,3,0.15%,0%,0,0,0.00%,0.00%,US$0.00 ,US$0.00 ,0,0
B07BKR9KYR,B07BKT1Y4D,ZAIAI Women's Microfiber Longline Lace Bralette Black M,5,0.27%,5,0.24%,20%,0,0,0.00%,0.00%,US$0.00 ,US$0.00 ,0,0
B07BKWNVLL,B07BKTCPPS,ZAIAI Women's Lace Bralette Wireless Band Lace Bra Dark Green M,1,0.05%,1,0.05%,0%,1,0,100.00%,0.00%,US$16.99 ,US$0.00 ,1,0
B07BKTFWMH,B07BKTFWMH,ZAIAI Women Super Soft Lace Bra Top Seamless Bralette Cup Wireless Bra,2,0.11%,2,0.10%,0%,0,0,0.00%,0.00%,US$0.00 ,US$0.00 ,0,0
B07BKWNVLL,B07BKTKK7K,Women's Lace Bralette Wireless Band Lace Bra Dark Green L,5,0.27%,5,0.24%,40%,0,0,0.00%,0.00%,US$0.00 ,US$0.00 ,0,0
B07BKWNVLL,B07BKTLC85,Women Floral Lace Bralette Padded Breathable Sexy Racerback Lace Bra Bustier Black M,6,0.33%,6,0.29%,67%,0,0,0.00%,0.00%,US$0.00 ,US$0.00 ,0,0
B07BKWNVLL,B07BKTSQ1R,Women Floral Lace Bralette Padded Breathable Sexy Racerback Lace Bra Bustier Black L,5,0.27%,5,0.24%,0%,0,0,0.00%,0.00%,US$0.00 ,US$0.00 ,0,0
B07BKTFWMH,B07BKVPJ6Q,Women Super Soft Lace Bra Top Seamless Bralette Cup Wireless Bra Black M,3,0.16%,3,0.15%,0%,0,0,0.00%,0.00%,US$0.00 ,US$0.00 ,0,0
B07BKWNVLL,B07BKWBM9B,ZAIAI Women's Lace Bralette Wireless Band Lace Bra Dark Green S,3,0.16%,3,0.15%,0%,0,0,0.00%,0.00%,US$0.00 ,US$0.00 ,0,0
B07BKWNVLL,B07BKWNVLL,ZAIAI Women's Lace Bralette Wireless Band Lace Bra,3,0.16%,3,0.15%,0%,0,0,0.00%,0.00%,US$0.00 ,US$0.00 ,0,0
B07DC3CQDX,B07DC3CQDX,HuXang Cloth Women's Casual Loose Plus Size Elastic Waist Linen Cropped Wide Leg Pants,6,0.33%,6,0.29%,0%,0,0,0.00%,0.00%,US$0.00 ,US$0.00 ,0,0
B07DG2NGBY,B07DG2NGBY,MOCOTONO Women's Plus Size Elastic Waist Wide Leg Linen Cropped Pants,204,11.17%,258,12.62%,0%,0,0,0.00%,0.00%,US$0.00 ,US$0.00 ,0,0
