"(父） ASIN","（子）ASIN","商品名称","买家访问次数","买家访问次数百分比","页面浏览次数","页面浏览次数百分比","购买按钮赢得率","已订购商品数量","订购数量 – B2B","订单商品数量转化率","商品转化率 – B2B","已订购商品销售额","已订购商品的销售额 – B2B","订单商品种类数","订单商品总数 – B2B"
"B07D3RXH5B","B073PPNNCM","Mocotono Men's Solid Color Oxford Short Sleeve Button Down Casual Shirt Green Medium","2","0.07%","2","0.06%","100%","1","1","50.00%","50.00%","£18.89","£18.89","1","1"
"B06VT69HT9","B00YAIA008","Summer Mae Women's Tankini Striped Vintage Swim Dress (Navy X-Small)","7","0.24%","7","0.20%","43%","0","0","0.00%","0.00%","£0.00","£0.00","0","0"
"B06VT69HT9","B00YAIA20G","Summer Mae Women's Tankini Striped Vintage Swim Dress (Pink X-Small)","3","0.10%","3","0.08%","33%","0","0","0.00%","0.00%","£0.00","£0.00","0","0"
"B06VT69HT9","B013OSTD48","Summer Mae Women's Tankini Striped Vintage Swim Dress (Navy Small)","1","0.03%","4","0.11%","100%","0","0","0.00%","0.00%","£0.00","£0.00","0","0"
"B06VT69HT9","B013OSTD70","Summer Mae Women's Tankini Striped Vintage Swim Dress (Pink Medium)","13","0.45%","16","0.45%","100%","0","0","0.00%","0.00%","£0.00","£0.00","0","0"
"B06VT69HT9","B013OSTFTG","Summer Mae Women's Tankini Striped Vintage Swim Dress (Pink Large)","1","0.03%","1","0.03%","100%","0","0","0.00%","0.00%","£0.00","£0.00","0","0"
"B06VT69HT9","B013OSTFWS","Summer Mae Women's Tankini Striped Vintage Swim Dress (Navy Medium)","7","0.24%","10","0.28%","100%","0","0","0.00%","0.00%","£0.00","£0.00","0","0"
"B06VT69HT9","B013OSTKN2","Summer Mae Women's Tankini Striped Vintage Swim Dress (Navy Large)","37","1.27%","48","1.34%","100%","1","0","2.70%","0.00%","£19.89","£0.00","1","0"
"B06VT69HT9","B0154PQ95K","Summer Mae Women's Tankini Striped Vintage Swim Dress (Navy X-Large)","12","0.41%","14","0.39%","100%","6","0","50.00%","0.00%","£119.34","£0.00","6","0"
"B06VT69HT9","B0154PQBZ8","Summer Mae Women's Tankini Striped Vintage Swim Dress (Pink X-Large)","2","0.07%","3","0.08%","100%","0","0","0.00%","0.00%","£0.00","£0.00","0","0"
"B06X3SJZ4F","B015QZRNIU","Summer Mae Women's Bowknot Printing Skirt Spa Swimsuit Bathing Swimwear Sapphire Blue S","8","0.27%","9","0.25%","100%","0","0","0.00%","0.00%","£0.00","£0.00","0","0"
"B06X3SJZ4F","B015QZRO7K","Summer Mae Women's Bowknot Printing Skirt Spa Swimsuit Bathing Swimwear Sapphire Blue M","4","0.14%","4","0.11%","100%","0","0","0.00%","0.00%","£0.00","£0.00","0","0"
"B06X3SJZ4F","B015QZRPHO","Summer Mae Women's Bowknot Printing Skirt Spa Swimsuit Bathing Swimwear Sapphire Blue XL","5","0.17%","6","0.17%","100%","1","0","20.00%","0.00%","£16.99","£0.00","1","0"
"B06X3SJZ4F","B015QZRQ0U","Summer Mae Women's Bowknot Printing Skirt Spa Swimsuit Bathing Swimwear Sea Blue XS","0","0.00%","0","0.00%","0%","1","0","0.00%","0.00%","£16.99","£0.00","1","0"
"B06X3SJZ4F","B015QZRQKU","Summer Mae Women's Bowknot Printing Skirt Spa Swimsuit Bathing Swimwear Sea Blue S","26","0.89%","35","0.98%","100%","0","0","0.00%","0.00%","£0.00","£0.00","0","0"
"B06X3SJZ4F","B015QZRRHW","Summer Mae Women's Bowknot Printing Skirt Spa Swimsuit Bathing Swimwear Sea Blue L","4","0.14%","5","0.14%","100%","0","0","0.00%","0.00%","£0.00","£0.00","0","0"
"B06X3SJZ4F","B015QZRRWW","Summer Mae Women's Bowknot Printing Skirt Spa Swimsuit Bathing Swimwear Sea Blue XL","10","0.34%","12","0.34%","100%","2","0","20.00%","0.00%","£33.98","£0.00","2","0"
"B06X3SJZ4F","B015QZRSF8","Summer Mae Women's Bowknot Printing Skirt Spa Swimsuit Bathing Swimwear Navy XS","1","0.03%","1","0.03%","100%","0","0","0.00%","0.00%","£0.00","£0.00","0","0"
"B06X3SJZ4F","B015QZRSWG","Summer Mae Women's Bowknot Printing Skirt Spa Swimsuit Bathing Swimwear Navy S","4","0.14%","5","0.14%","100%","0","0","0.00%","0.00%","£0.00","£0.00","0","0"
"B06X3SJZ4F","B015QZRTB6","Summer Mae Women's Bowknot Printing Skirt Spa Swimsuit Bathing Swimwear Navy M","1","0.03%","1","0.03%","100%","0","0","0.00%","0.00%","£0.00","£0.00","0","0"
"B06X3SJZ4F","B015QZRTVG","Summer Mae Women's Bowknot Printing Skirt Spa Swimsuit Bathing Swimwear Navy L","1","0.03%","1","0.03%","100%","1","0","100.00%","0.00%","£16.99","£0.00","1","0"
"B06X3SJZ4F","B015QZRUJM","Summer Mae Women's Bowknot Printing Skirt Spa Swimsuit Bathing Swimwear Navy XL","14","0.48%","14","0.39%","100%","0","0","0.00%","0.00%","£0.00","£0.00","0","0"
"B06X3SJZ4F","B015QZRVFK","Summer Mae Women's Bowknot Printing Skirt Spa Swimsuit Bathing Swimwear Black and Blue S","2","0.07%","2","0.06%","100%","0","0","0.00%","0.00%","£0.00","£0.00","0","0"
"B06X3SJZ4F","B015QZRW4A","Summer Mae Women's Bowknot Printing Skirt Spa Swimsuit Bathing Swimwear Black and blue M","14","0.48%","16","0.45%","100%","0","0","0.00%","0.00%","£0.00","£0.00","0","0"
"B06X3SJZ4F","B015QZRXB2","Summer Mae Women's Bowknot Printing Skirt Spa Swimsuit Bathing Swimwear Black and Blue XL","6","0.21%","6","0.17%","100%","1","0","16.67%","0.00%","£16.99","£0.00","1","0"
"B06VT69HT9","B017JO0OBE","Summer Mae Women's Tankini Striped Vintage Swim Dress (Navy XX-Large)","16","0.55%","20","0.56%","100%","1","0","6.25%","0.00%","£19.89","£0.00","1","0"
"B06VT962JP","B0196ETN8U","Summer Mae Women's One Piece Striped Slim Swim Dress Bathing Swimwear","5","0.17%","8","0.22%","75%","0","0","0.00%","0.00%","£0.00","£0.00","0","0"
"B06VT962JP","B01A6BXN24","Summer Mae Women's One Piece Striped Slim Swim Dress Bathing Swimwear","4","0.14%","4","0.11%","100%","1","0","25.00%","0.00%","£13.89","£0.00","1","0"
"B06VT962JP","B01A6BXQDK","Summer Mae Women's One Piece Striped Slim Swim Dress Bathing Swimwear","2","0.07%","5","0.14%","40%","0","0","0.00%","0.00%","£0.00","£0.00","0","0"
"B06WD1ZBJF","B01AXSD1OK","Summer Mae Women's Shaping Body Swimsuit One-Piece Swimwear Spa Suit Size Tag XL/UK Size S Orange","1","0.03%","1","0.03%","100%","0","0","0.00%","0.00%","£0.00","£0.00","0","0"
"B06WD1ZBJF","B01AXSDB2C","Summer Mae Women's Shaping Body Swimsuit One-Piece Swimwear Spa Suit Size tag XL/UK Size S Purple","18","0.62%","23","0.64%","100%","0","0","0.00%","0.00%","£0.00","£0.00","0","0"
"B06VT962JP","B01B184VYA","Summer Mae Women's One Piece Striped Slim Swim Dress Bathing Swimwear","2","0.07%","3","0.08%","33%","0","0","0.00%","0.00%","£0.00","£0.00","0","0"
"B06VT69HT9","B01C9TE2BW","Summer Mae Women's Tankini Striped Vintage Swim Dress (Pink XX-Large)","6","0.21%","7","0.20%","100%","0","0","0.00%","0.00%","£0.00","£0.00","0","0"
"B06VTMFDNM","B01DLSN9BY","Summer Mae Women's Two Pieces Stripes Slim Tankini Suit Bathing Swimwear","5","0.17%","7","0.20%","100%","1","0","20.00%","0.00%","£15.99","£0.00","1","0"
"B06VTMFDNM","B01DLSNA3Q","Summer Mae Women's Two Pieces Stripes Slim Tankini Suit Bathing Swimwear","47","1.61%","52","1.45%","100%","1","0","2.13%","0.00%","£15.99","£0.00","1","0"
"B06VTMFDNM","B01DLSNBBC","Summer Mae Women's Two Pieces Stripes Slim Tankini Suit Bathing Swimwear","1","0.03%","1","0.03%","100%","1","0","100.00%","0.00%","£15.99","£0.00","1","0"
"B06VTMFDNM","B01DLSNC8O","Summer Mae Women's Two Pieces Stripes Slim Tankini Suit Bathing Swimwear","18","0.62%","24","0.67%","100%","2","0","11.11%","0.00%","£31.98","£0.00","2","0"
"B06VTMFDNM","B01DLSNCJI","Summer Mae Women's Two Pieces Diamond Slim Tankini Suit Bathing Swimwear","11","0.38%","11","0.31%","82%","1","0","9.09%","0.00%","£15.99","£0.00","1","0"
"B06VTMFDNM","B01DLSNDLU","Summer Mae Women's Two Pieces Stripes Slim Tankini Suit Bathing Swimwear","6","0.21%","6","0.17%","67%","0","0","0.00%","0.00%","£0.00","£0.00","0","0"
"B06VTMFDNM","B01DLSNDZG","Summer Mae Women's Two Pieces Diamond Slim Tankini Suit Bathing Swimwear","4","0.14%","4","0.11%","100%","0","0","0.00%","0.00%","£0.00","£0.00","0","0"
"B06VTMFDNM","B01DLSNF6I","Summer Mae Women's Two Pieces Diamond Slim Tankini Suit Bathing Swimwear","12","0.41%","16","0.45%","100%","1","0","8.33%","0.00%","£15.99","£0.00","1","0"
"B06WD1YT33","B01EJ5VO38","Summer Mae Women's Plus-Size Flower Printing Shaping Body One Piece Swim Dresses Swimsuit, Black, M","23","0.79%","28","0.78%","100%","0","0","0.00%","0.00%","£0.00","£0.00","0","0"
"B06WD1YT33","B01EJ5VPSW","Summer Mae Women's Plus-Size Flower Printing Shaping Body One Piece Swim Dresses Swimsuit, Black, L","9","0.31%","11","0.31%","100%","0","0","0.00%","0.00%","£0.00","£0.00","0","0"
"B06WD1YT33","B01EJ5VRJE","Summer Mae Women's Plus-Size Flower Printing Shaping Body One Piece Swim Dresses Swimsuit, Black, XL","7","0.24%","11","0.31%","100%","1","0","14.29%","0.00%","£23.89","£0.00","1","0"
"B06WD1YT33","B01EJ5VT60","Summer Mae Women's Plus-Size Flower Printing Shaping Body One Piece Swim Dresses Swimsuit, Black, 2XL","23","0.79%","27","0.75%","48%","3","0","13.04%","0.00%","£71.67","£0.00","3","0"
"B06WD1YT33","B01EJ5VUNW","Summer Mae Women's Plus-Size Flower Printing Shaping Body One Piece Swim Dresses Swimsuit, Black, 3XL","8","0.27%","10","0.28%","100%","2","0","25.00%","0.00%","£47.78","£0.00","2","0"
"B01M0LJF15","B01F3E3964","Summer Mae Women's One Piece Push Up Swimming Costume Dress Beachwear Plus Size Halterneck Swimwear","36","1.24%","43","1.20%","84%","0","0","0.00%","0.00%","£0.00","£0.00","0","0"
"B01M0LJF15","B01F3E3GAI","Summer Mae Women's One Piece Push Up Swimming Costume Dress Beachwear Plus Size Halterneck Swimwear","3","0.10%","3","0.08%","100%","0","0","0.00%","0.00%","£0.00","£0.00","0","0"
"B01M0LJF15","B01F3E3MCK","Women's One Piece Push Up Swimming Costume Dress Beachwear Plus Size Halterneck Swimwear","2","0.07%","2","0.06%","50%","1","0","50.00%","0.00%","£16.99","£0.00","1","0"
"B01M0LJF15","B01F3E3RI4","Summer Mae Women's One Piece Push Up Swimming Costume Dress Beachwear Plus Size Halterneck Swimwear","9","0.31%","13","0.36%","100%","3","0","33.33%","0.00%","£50.97","£0.00","3","0"
"B01M0LJF15","B01F78ARF2","Miyang Retro Ladies Tankini Swimsuit Stripes -  Gold - UK 26","3","0.10%","3","0.08%","67%","0","0","0.00%","0.00%","£0.00","£0.00","0","0"
"B01M0LJF15","B01F78ASSI","MiYang Women's One Piece orange pink XXX-Large","3","0.10%","4","0.11%","25%","0","0","0.00%","0.00%","£0.00","£0.00","0","0"
"B01M0LJF15","B01F78B0IA","MiYang Women’s One Piece Swimming XL (Pink)","2","0.07%","2","0.06%","50%","0","0","0.00%","0.00%","£0.00","£0.00","0","0"
"B06WD1YT33","B01FXAQNIO","Summer Mae Women's Plus-Size Flower Printing Shaping Body One Piece Swim Dresses Swimsuit, Blue, M","12","0.41%","17","0.47%","100%","3","0","25.00%","0.00%","£71.67","£0.00","3","0"
"B06WD1YT33","B01FXAQPZK","Summer Mae Women's Plus-Size Flower Printing Shaping Body One Piece Swim Dresses Swimsuit, Blue, L","3","0.10%","3","0.08%","100%","1","0","33.33%","0.00%","£23.89","£0.00","1","0"
"B06WD1YT33","B01FXAQRNK","Summer Mae Women's Plus-Size Flower Printing Shaping Body One Piece Swim Dresses Swimsuit, Blue, XL","2","0.07%","2","0.06%","100%","0","0","0.00%","0.00%","£0.00","£0.00","0","0"
"B06WD1YT33","B01FXAQTLK","Summer Mae Women's Plus-Size Flower Printing Shaping Body One Piece Swim Dresses Swimsuit, Blue, 2XL","30","1.03%","35","0.98%","83%","0","0","0.00%","0.00%","£0.00","£0.00","0","0"
"B06WD1YT33","B01FXAQVH2","Summer Mae Women's Plus-Size Flower Printing Shaping Body One Piece Swim Dresses Swimsuit, Blue, 3XL","10","0.34%","10","0.28%","100%","0","0","0.00%","0.00%","£0.00","£0.00","0","0"
"B06VT69HT9","B01G3JENB8","Summer Mae Women's Tankini Striped Vintage Swim Dress (Light Blue Large)","3","0.10%","3","0.08%","100%","0","0","0.00%","0.00%","£0.00","£0.00","0","0"
"B06VT69HT9","B01G3JERSM","Summer Mae Women's Tankini Striped Vintage Swim Dress (Light Blue XX-Large)","2","0.07%","2","0.06%","100%","1","0","50.00%","0.00%","£19.89","£0.00","1","0"
"B06VT69HT9","B01G3MA2TC","Summer Mae Women's Tankini Striped Vintage Swim Dress (Light Blue X-Small)","5","0.17%","6","0.17%","83%","0","0","0.00%","0.00%","£0.00","£0.00","0","0"
"B01M0LJF15","B01G8H8T42","Women's One Piece Push Up Swimming Costume Dress Beachwear Plus Size Halterneck Swimwear","3","0.10%","4","0.11%","100%","1","0","33.33%","0.00%","£16.99","£0.00","1","0"
"B01M0LJF15","B01G8H8WRG","Women's One Piece Push Up Swimming Costume Dress Beachwear Plus Size Halterneck Swimwear","10","0.34%","13","0.36%","77%","0","0","0.00%","0.00%","£0.00","£0.00","0","0"
"B06WD1YT33","B01HFYMTRK","Summer Mae Women's Plus-Size Flower Printing Shaping Body One Piece Swim Dresses Swimsuit, Black Cherry, XL","8","0.27%","10","0.28%","90%","1","0","12.50%","0.00%","£23.89","£0.00","1","0"
"B01HFYMV14","B01HFYMV14","Summer Mae Women's Plus-Size Flower Printing Shaping Body One Piece Swim Dresses Swimsuit, Black Cherry, 2XL","10","0.34%","17","0.47%","82%","0","0","0.00%","0.00%","£0.00","£0.00","0","0"
"B06WD1YT33","B01HFYMW04","Summer Mae Women's Plus-Size Flower Printing Shaping Body One Piece Swim Dresses Swimsuit, Black Cherry, M","24","0.82%","25","0.70%","100%","0","0","0.00%","0.00%","£0.00","£0.00","0","0"
"B06WD1YT33","B01HFYMWA4","Summer Mae Women's Plus-Size Flower Printing Shaping Body One Piece Swim Dresses Swimsuit, Black Cherry, 3XL","1","0.03%","1","0.03%","100%","1","0","100.00%","0.00%","£23.89","£0.00","1","0"
"B06WD1YT33","B01HFYMXUI","Summer Mae Women's Plus-Size Flower Printing Shaping Body One Piece Swim Dresses Swimsuit, Black Cherry, 2XL","30","1.03%","35","0.98%","94%","1","0","3.33%","0.00%","£23.89","£0.00","1","0"
"B06VT962JP","B01IOEHIMG","Summer Mae Women's One Piece Striped Slim Swim Dress Bathing Swimwear","3","0.10%","3","0.08%","33%","1","0","33.33%","0.00%","£13.89","£0.00","1","0"
"B06VT962JP","B01IOEHKXS","Summer Mae Women's One Piece Striped Slim Swim Dress Bathing Swimwear","3","0.10%","3","0.08%","100%","1","0","33.33%","0.00%","£13.89","£0.00","1","0"
"B06VT962JP","B01IOEHM40","Summer Mae Women's One Piece Striped Slim Swim Dress Bathing Swimwear","1","0.03%","2","0.06%","100%","0","0","0.00%","0.00%","£0.00","£0.00","0","0"
"B06VT962JP","B01IOEHNK8","Summer Mae Women's One Piece Striped Slim Swim Dress Bathing Swimwear","2","0.07%","9","0.25%","100%","1","0","50.00%","0.00%","£13.89","£0.00","1","0"
"B06VT962JP","B01IOEHO7A","Summer Mae Women's One Piece Striped Slim Swim Dress Bathing Swimwear","1","0.03%","1","0.03%","100%","0","0","0.00%","0.00%","£0.00","£0.00","0","0"
"B06VT962JP","B01IOEHQOQ","Summer Mae Women's One Piece Striped Slim Swim Dress Bathing Swimwear","1","0.03%","2","0.06%","50%","0","0","0.00%","0.00%","£0.00","£0.00","0","0"
"B06VT962JP","B01IOEHRBS","Summer Mae Women's One Piece Striped Slim Swim Dress Bathing Swimwear","3","0.10%","6","0.17%","100%","0","0","0.00%","0.00%","£0.00","£0.00","0","0"
"B06VT962JP","B01IOEHTKC","Summer Mae Women's One Piece Striped Slim Swim Dress Bathing Swimwear","5","0.17%","5","0.14%","80%","1","0","20.00%","0.00%","£13.89","£0.00","1","0"
"B06VTMFDNM","B01J71HPMS","Summer Mae Women's Two Pieces Stripes Slim Tankini Suit Bathing Swimwear","4","0.14%","4","0.11%","100%","0","0","0.00%","0.00%","£0.00","£0.00","0","0"
"B06VTMFDNM","B01J71HR3U","Summer Mae Women's Two Pieces Stripes Slim Tankini Suit Bathing Swimwear","3","0.10%","3","0.08%","100%","1","0","33.33%","0.00%","£15.99","£0.00","1","0"
"B06VTMFDNM","B01J71HRV2","Summer Mae Women's Two Pieces Diamond Slim Tankini Suit Bathing Swimwear","8","0.27%","8","0.22%","100%","2","0","25.00%","0.00%","£31.98","£0.00","2","0"
"B06VTMFDNM","B01J71HSAC","Summer Mae Women's Two Pieces Stripes Slim Tankini Suit Bathing Swimwear","5","0.17%","6","0.17%","100%","5","0","100.00%","0.00%","£79.95","£0.00","5","0"
"B06VTMFDNM","B01J71HTJM","Summer Mae Women's Two Pieces Stripes Slim Tankini Suit Bathing Swimwear","5","0.17%","6","0.17%","100%","5","0","100.00%","0.00%","£79.95","£0.00","5","0"
"B01M00G3A8","B01KO0SBKQ","Summer Mae Women's Long Sleeve A-line Lace Stitching Trim Casual Dress","1","0.03%","3","0.08%","100%","0","0","0.00%","0.00%","£0.00","£0.00","0","0"
"B01M00G3A8","B01KO0SCAA","Summer Mae Women's Long Sleeve A-line Lace Stitching Trim Casual Dress","1","0.03%","1","0.03%","0%","0","0","0.00%","0.00%","£0.00","£0.00","0","0"
"B0744B7YRC","B01LX3HM92","Summer Mae Women's Warm Plush Soft Sole Indoor Slipper","7","0.24%","7","0.20%","100%","0","0","0.00%","0.00%","£0.00","£0.00","0","0"
"B0744B7YRC","B01LXFC3LH","Summer Mae Women's Warm Plush Soft Sole Indoor Slipper","3","0.10%","3","0.08%","100%","0","0","0.00%","0.00%","£0.00","£0.00","0","0"
"B0744B7YRC","B01LXQYMXU","Summer Mae Women's Warm Plush Soft Sole Indoor Slipper","6","0.21%","6","0.17%","100%","0","0","0.00%","0.00%","£0.00","£0.00","0","0"
"B0744B6MN4","B01LZ1VBJE","Summer Mae Vintage Arctic Solid Indoor Boot Slippers","3","0.10%","4","0.11%","100%","0","0","0.00%","0.00%","£0.00","£0.00","0","0"
"B0744B6MN4","B01LZDHMA7","Summer Mae Vintage Arctic Solid Indoor Boot Slippers","3","0.10%","3","0.08%","100%","0","0","0.00%","0.00%","£0.00","£0.00","0","0"
"B0744B6MN4","B01LZDHSE8","Summer Mae's Vintage Arctic Solid Indoor Boot Slippers","3","0.10%","4","0.11%","100%","0","0","0.00%","0.00%","£0.00","£0.00","0","0"
"B0744B7YRC","B01LZPAU53","Summer Mae Women's Sheep Warm Plush Soft Sole Indoor Slipper","4","0.14%","4","0.11%","100%","0","0","0.00%","0.00%","£0.00","£0.00","0","0"
"B06W53L4BM","B01LZYDNUW","Summer Mae Women's Long Sleeve Casual Loose T-Shirt Dress Burgundy S","1","0.03%","1","0.03%","100%","0","0","0.00%","0.00%","£0.00","£0.00","0","0"
"B01M00G3A8","B01M00G3A8","Summer Mae Women Retro Loose Casual Solid Color Long Sleeve Sweater Dress Autumn Winter","9","0.31%","12","0.34%","0%","0","0","0.00%","0.00%","£0.00","£0.00","0","0"
"B0744B7YRC","B01M0131LI","Summer Mae Women's Warm Plush Soft Sole Indoor Slipper","2","0.07%","2","0.06%","100%","0","0","0.00%","0.00%","£0.00","£0.00","0","0"
"B0744B7YRC","B01M0CR4EK","Summer Mae Women's Warm Plush Soft Sole Indoor Slipper","4","0.14%","6","0.17%","100%","1","0","25.00%","0.00%","£9.99","£0.00","1","0"
"B01M0LJF15","B01M0LJF15","Women's One Piece Push up Swimming Costume Dress Beachwear Plus Size Halterneck Swimwear","52","1.79%","57","1.59%","9%","0","0","0.00%","0.00%","£0.00","£0.00","0","0"
"B0744B6MN4","B01M0OETK1","Summer Mae Vintage Arctic Solid Indoor Boot Slippers","2","0.07%","2","0.06%","100%","0","0","0.00%","0.00%","£0.00","£0.00","0","0"
"B0744B7YRC","B01M1BALWK","Summer Mae Women's Sheep Warm Plush Soft Sole Indoor Slipper","7","0.24%","9","0.25%","78%","0","0","0.00%","0.00%","£0.00","£0.00","0","0"
"B0744B7YRC","B01M4QQA9K","Summer Mae Women's Warm Plush Soft Sole Indoor Slipper","3","0.10%","3","0.08%","100%","0","0","0.00%","0.00%","£0.00","£0.00","0","0"
"B06X3SJZ4F","B01MQJP2YK","Summer Mae Women's Bowknot Printing Skirt Spa Swimsuit Bathing Swimwear,Navy(two piece),5X(UK size: 24-26)","2","0.07%","2","0.06%","0%","0","0","0.00%","0.00%","£0.00","£0.00","0","0"
"B06X3SJZ4F","B01MQJP47N","Summer Mae Women's Bowknot Printing Skirt Spa Swimsuit Bathing Swimwear,Navy(one piece),2X(UK size: 18)","8","0.27%","10","0.28%","90%","4","0","50.00%","0.00%","£67.96","£0.00","4","0"
"B06X3SJZ4F","B01MQJP6LF","Summer Mae Women's Bowknot Printing Skirt Spa Swimsuit Bathing Swimwear,Sapphire Blue(one piece),4X(UK size: 22)","1","0.03%","1","0.03%","100%","1","0","100.00%","0.00%","£16.99","£0.00","1","0"
"B06WD1YT33","B01MR2UZI6","Summer Mae Women's Plus-Size Flower Printing Shaping Body One Piece Swim Dresses Swimsuit, Black Flower, M","23","0.79%","26","0.73%","100%","3","0","13.04%","0.00%","£71.67","£0.00","3","0"
"B06X3SJZ4F","B01MRL2GKJ","Summer Mae Women's Bowknot Printing Skirt Spa Swimsuit Bathing Swimwear,Sapphire Blue(two piece),5X(UK size: 24-26)","5","0.17%","5","0.14%","100%","0","0","0.00%","0.00%","£0.00","£0.00","0","0"
"B01M00G3A8","B01MS11ABV","Summer Mae Women's Long Sleeve A-line Lace Stitching Trim Casual Dress","1","0.03%","2","0.06%","100%","0","0","0.00%","0.00%","£0.00","£0.00","0","0"
"B06X3SJZ4F","B01MSMPBNA","Summer Mae Women's Bowknot Printing Skirt Spa Swimsuit Bathing Swimwear,Sapphire Blue(one piece),5X(UK size: 24-26)","1","0.03%","1","0.03%","100%","0","0","0.00%","0.00%","£0.00","£0.00","0","0"
"B01MYZMT4X","B01MYZMRWZ","Summer Mae Women Winter Boots Knit Patchwork Warm Snow Shoes Casual","1","0.03%","1","0.03%","100%","0","0","0.00%","0.00%","£0.00","£0.00","0","0"
"B01MYZMT4X","B01MYZMT4X","Summer Mae Women Winter Boots Knit Patchwork Warm Snow Shoes Casual","12","0.41%","15","0.42%","0%","0","0","0.00%","0.00%","£0.00","£0.00","0","0"
"B06X3SJZ4F","B01N0EHETF","Summer Mae Women's Bowknot Printing Skirt Spa Swimsuit Bathing Swimwear,Sapphire Blue(two piece),3X(UK size: 20)","2","0.07%","3","0.08%","100%","0","0","0.00%","0.00%","£0.00","£0.00","0","0"
"B06X3SJZ4F","B01N1FYI99","Summer Mae Women's Bowknot Printing Skirt Spa Swimsuit Bathing Swimwear,Navy(two piece),4X(UK size: 22)","5","0.17%","6","0.17%","67%","1","0","20.00%","0.00%","£16.99","£0.00","1","0"
"B06X3SJZ4F","B01N1FYJS2","Summer Mae Women's Bowknot Printing Skirt Spa Swimsuit Bathing Swimwear,Sapphire Blue(two piece),2X(UK size: 18)","2","0.07%","2","0.06%","0%","0","0","0.00%","0.00%","£0.00","£0.00","0","0"
"B06X3SJZ4F","B01N1FYKHR","Summer Mae Women's Bowknot Printing Skirt Spa Swimsuit Bathing Swimwear,Navy(one piece),4X(UK size: 22)","2","0.07%","2","0.06%","100%","0","0","0.00%","0.00%","£0.00","£0.00","0","0"
"B06X3SJZ4F","B01N1FYKJE","Summer Mae Women's Bowknot Printing Skirt Spa Swimsuit Bathing Swimwear,Navy(two piece),2X(UK size: 18)","1","0.03%","1","0.03%","100%","1","0","100.00%","0.00%","£16.99","£0.00","1","0"
"B06WD1YT33","B01N30QQDJ","Summer Mae Women's Plus-Size Flower Printing Shaping Body One Piece Swim Dresses Swimsuit, Black Flower, L","39","1.34%","48","1.34%","100%","2","0","5.13%","0.00%","£47.78","£0.00","2","0"
"B0744B6MN4","B01N3L1AIZ","Summer Mae Womens/Mens Stitched Faux Suede Faux Fleece Lined Clog Slippers","1","0.03%","1","0.03%","100%","0","0","0.00%","0.00%","£0.00","£0.00","0","0"
"B06X3SJZ4F","B01N41KO05","Summer Mae Women's Bowknot Printing Skirt Spa Swimsuit Bathing Swimwear,Navy(one piece),5X(UK size: 24-26)","1","0.03%","2","0.06%","100%","1","0","100.00%","0.00%","£16.99","£0.00","1","0"
"B06X3SJZ4F","B01N531UTZ","Summer Mae Women's Bowknot Printing Skirt Spa Swimsuit Bathing Swimwear,Sapphire Blue(one piece),2X(UK size: 18)","3","0.10%","3","0.08%","33%","1","0","33.33%","0.00%","£16.99","£0.00","1","0"
"B06X3SJZ4F","B01N64GO5L","Summer Mae Women's Bowknot Printing Skirt Spa Swimsuit Bathing Swimwear,Navy(one piece),3X(UK size: 20)","2","0.07%","2","0.06%","100%","2","0","100.00%","0.00%","£33.98","£0.00","2","0"
"B01N7EGVZ1","B01N7EGVZ1","Summer Mae Women's Cute Cat Warm House Slippers Booties","2","0.07%","3","0.08%","0%","0","0","0.00%","0.00%","£0.00","£0.00","0","0"
"B06X3SJZ4F","B01N94EU0L","Summer Mae Women's Bowknot Printing Skirt Spa Swimsuit Bathing Swimwear,Sapphire Blue(two piece),4X(UK size: 22)","3","0.10%","4","0.11%","100%","1","0","33.33%","0.00%","£16.99","£0.00","1","0"
"B06X3SJZ4F","B01N94R08T","Summer Mae Women's Bowknot Printing Skirt Spa Swimsuit Bathing Swimwear,Navy(two piece),3X(UK size: 20)","2","0.07%","4","0.11%","100%","0","0","0.00%","0.00%","£0.00","£0.00","0","0"
"B06WD1YT33","B01NCSVUOC","Summer Mae Women's Plus-Size Flower Printing Shaping Body One Piece Swim Dresses Swimsuit, black flower, 2XL","9","0.31%","9","0.25%","89%","0","0","0.00%","0.00%","£0.00","£0.00","0","0"
"B06VT69HT9","B06VT69HT9","Summer Mae Women's Tankini Striped Vintage Swim Dress","68","2.34%","84","2.35%","8%","0","0","0.00%","0.00%","£0.00","£0.00","0","0"
"B06VT962JP","B06VT962JP","Summer Mae Women's One Piece Striped Slim Swim Dress Bathing Swimwear","31","1.06%","42","1.17%","12%","0","0","0.00%","0.00%","£0.00","£0.00","0","0"
"B06VTMFDNM","B06VTMFDNM","Summer Mae Women's Two Pieces Slim Tankini Suit Bathing Swimwear","50","1.72%","71","1.98%","7%","0","0","0.00%","0.00%","£0.00","£0.00","0","0"
"B06XDHVPM1","B06VV1VK3S","Summer Mae Women's Triangle Halter Bikini Set Push up Padded Bikini Floral Printing Crochet Swimwear","1","0.03%","1","0.03%","100%","0","0","0.00%","0.00%","£0.00","£0.00","0","0"
"B06VXYRMKB","B06VXYRMKB","Summer Mae Women's One Piece Push Up Slim Swimsuit Bathing Swimwear","3","0.10%","3","0.08%","33%","0","0","0.00%","0.00%","£0.00","£0.00","0","0"
"B06Y66R8CF","B06W2JPMW2","Summer Mae Swimwear One Piece Floral Shaping-body Swimsuit","2","0.07%","3","0.08%","0%","0","0","0.00%","0.00%","£0.00","£0.00","0","0"
"B06VXYRMKB","B06W52N684","Summer Mae Women's One Piece Push Up Slim Swimsuit Bathing Swimwear","1","0.03%","1","0.03%","100%","0","0","0.00%","0.00%","£0.00","£0.00","0","0"
"B06VXYRMKB","B06WCZWPKW","Summer Mae Women's One Piece Push Up Slim Swimsuit Bathing Swimwear","1","0.03%","1","0.03%","100%","0","0","0.00%","0.00%","£0.00","£0.00","0","0"
"B06WD1YT33","B06WD1YT33","Summer Mae Women's Plus-Size Flower Printing Shaping Body One Piece Swim Dresses Swimsuit","252","8.66%","357","9.97%","0%","0","0","0.00%","0.00%","£0.00","£0.00","0","0"
"B06XD6YJ9P","B06WLQZJVT","Summer Mae Women's Off-Shoulder Bikini-Set with Valance Retro und Trendy","1","0.03%","1","0.03%","0%","0","0","0.00%","0.00%","£0.00","£0.00","0","0"
"B06X3SJZ4F","B06X3SJZ4F","Summer Mae Women's Bowknot Printing Skirt Spa Swimsuit Bathing Swimwear","104","3.57%","127","3.55%","13%","0","0","0.00%","0.00%","£0.00","£0.00","0","0"
"B06XD6YJ9P","B06X41M4X4","Summer Mae Women's Off-Shoulder Bikini-Set With Valance Retro und Trendy","1","0.03%","1","0.03%","0%","0","0","0.00%","0.00%","£0.00","£0.00","0","0"
"B06Y66R8CF","B06X6FZKG9","Summer Mae Swimwear One Piece Floral Shaping-body Swimsuit","1","0.03%","2","0.06%","100%","1","0","100.00%","0.00%","£9.99","£0.00","1","0"
"B06XD6YJ9P","B06X95KC6P","Summer Mae Women's Off-Shoulder Bikini-Set with Valance Retro und Trendy","1","0.03%","1","0.03%","0%","0","0","0.00%","0.00%","£0.00","£0.00","0","0"
"B074KBBRH3","B06XCMRYC8","Summer Mae Women's Green One Piece Shaping-Body Swimsuit With White Edges.","2","0.07%","2","0.06%","50%","0","0","0.00%","0.00%","£0.00","£0.00","0","0"
"B074KBBRH3","B06XCS2MZG","Summer Mae Women's Green One Piece Shaping-Body Swimsuit With White Edges.","2","0.07%","2","0.06%","100%","0","0","0.00%","0.00%","£0.00","£0.00","0","0"
"B074KBBRH3","B06XCXCX8N","Summer Mae Women's Green One Piece Shaping-Body Swimsuit With White Edges.","2","0.07%","2","0.06%","100%","0","0","0.00%","0.00%","£0.00","£0.00","0","0"
"B06XD6YJ9P","B06XD6YJ9P","Summer Mae Women's Off-Shoulder Bikini-Set With Valance Retro und Trendy","4","0.14%","4","0.11%","0%","0","0","0.00%","0.00%","£0.00","£0.00","0","0"
"B06XDHVPM1","B06XDHVPM1","Summer Mae Women's Triangle Halter Bikini Set Push up Padded Bikini Floral Printing Crochet Swimwear","2","0.07%","3","0.08%","0%","0","0","0.00%","0.00%","£0.00","£0.00","0","0"
"B06XDNPQB8","B06XDNPQB8","Summer Mae Women's Luxurious Pretty Double Straps Elegant Two Piece Bikini Set","1","0.03%","1","0.03%","0%","0","0","0.00%","0.00%","£0.00","£0.00","0","0"
"B01M0LJF15","B06XFWP8FJ","Women's One Piece Push Up Swimming Costume Dress Beachwear Plus Size Halterneck Swimwear","12","0.41%","16","0.45%","75%","2","0","16.67%","0.00%","£31.98","£0.00","2","0"
"B01M0LJF15","B06XFWP9YY","Women's One Piece Push up Swimming Costume Dress Beachwear Plus Size Halterneck Swimwear","1","0.03%","1","0.03%","100%","0","0","0.00%","0.00%","£0.00","£0.00","0","0"
"B01M0LJF15","B06XG5RDSQ","Summer Mae Women's One Piece Push Up Swimming Costume Dress Beachwear Plus Size Halterneck Swimwear","1","0.03%","1","0.03%","100%","1","0","100.00%","0.00%","£15.99","£0.00","1","0"
"B01M0LJF15","B06XG8ZWGL","Summer Mae Women's One Piece Push Up Swimming Costume Dress Beachwear Plus Size Halterneck Swimwear","22","0.76%","26","0.73%","96%","0","0","0.00%","0.00%","£0.00","£0.00","0","0"
"B01M0LJF15","B06XGBN1VN","Summer Mae Women's One Piece Push Up Swimming Costume Dress Beachwear Plus Size Halterneck Swimwear","4","0.14%","4","0.11%","100%","0","0","0.00%","0.00%","£0.00","£0.00","0","0"
"B01M0LJF15","B06XGBP18Z","Summer Mae Women's One Piece Push Up Swimming Costume Dress Beachwear Plus Size Halterneck Swimwear","5","0.17%","6","0.17%","100%","0","0","0.00%","0.00%","£0.00","£0.00","0","0"
"B06XH2287Y","B06XH2287Y","Summer Mae Women Swimming Costume Triangle Halter Bikini Set Push up Padded Bikini Floral Printing Swimwear","1","0.03%","1","0.03%","0%","0","0","0.00%","0.00%","£0.00","£0.00","0","0"
"B06Y5VB1N1","B06XH65K15","Summer Mae Women's Triangle Push Up Bikini Set with a Shell Design","1","0.03%","1","0.03%","100%","0","0","0.00%","0.00%","£0.00","£0.00","0","0"
"B07DWXCRMV","B06XPW817S","Summer Mae Men's Long Sleeve Button Down Cotton Plaid Casual Shirts","1","0.03%","1","0.03%","100%","0","0","0.00%","0.00%","£0.00","£0.00","0","0"
"B07DWXCRMV","B06XQX3XLN","Summer Mae Men's Long Sleeve Button Down Cotton Plaid Casual Shirts","2","0.07%","2","0.06%","100%","1","0","50.00%","0.00%","£15.99","£0.00","1","0"
"B071KTJ7KG","B06XRFZ12B","Summer Mae Women One Piece Off-shoulder Vintage Volants Front Swimwear Swimming Costume","1","0.03%","1","0.03%","100%","0","0","0.00%","0.00%","£0.00","£0.00","0","0"
"B071KTJ7KG","B06XRVXFVD","Summer Mae Women One Piece Off-shoulder Vintage Volants Front Swimwear Swimming Costume","1","0.03%","1","0.03%","0%","0","0","0.00%","0.00%","£0.00","£0.00","0","0"
"B0725S4D1M","B06XXYQJ5B","Summer Mae Women's Tankini Set Trendy Print Swimsuit","1","0.03%","1","0.03%","100%","0","0","0.00%","0.00%","£0.00","£0.00","0","0"
"B071YF2MKV","B06XYN88Q8","Summer Mae Women's Cute Ruffles Strap High Waisted Bathing Suits Crop Top Flounce Bikini Set","9","0.31%","10","0.28%","100%","0","0","0.00%","0.00%","£0.00","£0.00","0","0"
"B071YF2MKV","B06XYZ3CBT","Women's Cute Ruffles Strap High Waisted Bathing Suits Crop Top Flounce Bikini Set, Medium","7","0.24%","9","0.25%","100%","2","0","28.57%","0.00%","£25.98","£0.00","2","0"
"B079J98BZW","B06XYZBB55","Summer Mae Men's Solid Color Oxford Long Sleeve Button Down Casual Shirt","4","0.14%","4","0.11%","100%","0","0","0.00%","0.00%","£0.00","£0.00","0","0"
"B06VT69HT9","B06XYZMZ9V","Summer Mae Women's Tankini Striped Vintage Swim Dress (Light Blue Medium)","2","0.07%","3","0.08%","100%","0","0","0.00%","0.00%","£0.00","£0.00","0","0"
"B071YF2MKV","B06XZ13X21","Women's Cute Ruffles Strap High Waisted Bathing Suits Crop Top Flounce Bikini Set","2","0.07%","2","0.06%","100%","19","0","950.00%","0.00%","£189.81","£0.00","19","0"
"B079J98BZW","B06XZ157NV","Summer Mae Men's Solid Color Oxford Long Sleeve Button Down Casual Shirt","3","0.10%","3","0.08%","100%","0","0","0.00%","0.00%","£0.00","£0.00","0","0"
"B071YF2MKV","B06XZ1KL11","Women's Cute Ruffles Strap High Waisted Bathing Suits Crop Top Flounce Bikini Set, Large","3","0.10%","4","0.11%","75%","1","0","33.33%","0.00%","£12.99","£0.00","1","0"
"B079J98BZW","B06XZ1KL3X","Summer Mae Men's Solid Color Oxford Long Sleeve Button Down Casual Shirt","2","0.07%","2","0.06%","100%","0","0","0.00%","0.00%","£0.00","£0.00","0","0"
"B071YF2MKV","B06XZ27GZV","Summer Mae Women's Cute Ruffles Strap High Waisted Bathing Suits Crop Top Flounce Bikini Set","4","0.14%","5","0.14%","100%","0","0","0.00%","0.00%","£0.00","£0.00","0","0"
"B079J98BZW","B06Y229TP7","Summer Mae Men's Solid Color Oxford Long Sleeve Button Down Casual Shirt","1","0.03%","1","0.03%","100%","0","0","0.00%","0.00%","£0.00","£0.00","0","0"
"B06Y5VB1N1","B06Y5VB1N1","Summer Mae Women's Triangle Push up Bikini Set with a Shell Design","4","0.14%","7","0.20%","0%","0","0","0.00%","0.00%","£0.00","£0.00","0","0"
"B06Y66R8CF","B06Y66R8CF","Summer Mae Swimwear One Piece Floral Shaping-body Swimsuit","1","0.03%","1","0.03%","0%","0","0","0.00%","0.00%","£0.00","£0.00","0","0"
"B073F8Y5L4","B06Y68W52F","Summer Mae Women's 2 Pieces Push-up Triangle Bikini Set With High Waisted Bottom Swimsuit","3","0.10%","3","0.08%","100%","0","0","0.00%","0.00%","£0.00","£0.00","0","0"
"B071YF2MKV","B06ZXW62V9","Summer Mae Women's Cute Ruffles Strap High Waisted Bathing Suits Crop Top Flounce Bikini Set","2","0.07%","2","0.06%","0%","0","0","0.00%","0.00%","£0.00","£0.00","0","0"
"B071YF2MKV","B06ZYG4ST4","Summer Mae Women's Cute Ruffles Strap High Waisted Bathing Suits Crop Top Flounce Bikini Set","5","0.17%","7","0.20%","100%","0","0","0.00%","0.00%","£0.00","£0.00","0","0"
"B075CK4F95","B0711B2NB8","Summer Mae Men's Long Sleeve Polo Shirts and Classic Collar Striped Shirt","4","0.14%","5","0.14%","80%","0","0","0.00%","0.00%","£0.00","£0.00","0","0"
"B075SW8RNY","B0711Q8WDR","Mocotono Men's Casual Long Sleeve Regular Fit Flannel Plaid Button Down Western Shirts Muti Plaid Small","1","0.03%","1","0.03%","100%","0","0","0.00%","0.00%","£0.00","£0.00","0","0"
"B06VT69HT9","B0711R9KHM","Summer Mae Women's Tankini Striped Vintage Swim Dress (Black X-Small)","3","0.10%","4","0.11%","50%","0","0","0.00%","0.00%","£0.00","£0.00","0","0"
"B06VT69HT9","B0711R9KHN","Summer Mae Women's Tankini Striped Vintage Swim Dress (Black XX-Large)","4","0.14%","4","0.11%","100%","1","0","25.00%","0.00%","£19.89","£0.00","1","0"
"B075SW8RNY","B0711XBBFZ","Mocotono Men's Casual Long Sleeve Regular Fit Flannel Plaid Button Down Western Shirts Red and Navy Small","4","0.14%","4","0.11%","100%","0","0","0.00%","0.00%","£0.00","£0.00","0","0"
"B07263B9WB","B071213Z1S","Summer Mae Women's Two Pieces Bikini Set Twist Bandeau Classical Strapless Swimsuit White L","1","0.03%","2","0.06%","100%","1","0","100.00%","0.00%","£14.99","£0.00","1","0"
"B07263B9WB","B071214BG2","Summer Mae Women's Two Pieces Bikini Set Twist Bandeau Classical Strapless Swimsuit Red XXL","8","0.27%","10","0.28%","100%","1","0","12.50%","0.00%","£14.99","£0.00","1","0"
"B075SW8RNY","B07149VKWX","Mocotono Men's Casual Long Sleeve Regular Fit Flannel Plaid Button Down Western Shirts Red Small","1","0.03%","1","0.03%","100%","0","0","0.00%","0.00%","£0.00","£0.00","0","0"
"B07263B9WB","B0714LPFKJ","Summer Mae Women's Two Pieces Bikini Set Twist Bandeau Classical Strapless Swimsuit Orange S","12","0.41%","12","0.34%","92%","1","0","8.33%","0.00%","£14.99","£0.00","1","0"
"B075SW8RNY","B07173Q2FN","Mocotono Men's Casual Long Sleeve Regular Fit Flannel Plaid Button Down Western Shirts White and Navy Small","1","0.03%","1","0.03%","100%","0","0","0.00%","0.00%","£0.00","£0.00","0","0"
"B075CK4F95","B071933NTR","Summer Mae Men's Long Sleeve Polo Shirts and Classic Collar Striped Shirt","1","0.03%","1","0.03%","100%","0","0","0.00%","0.00%","£0.00","£0.00","0","0"
"B075CK4F95","B071DT5KD5","Summer Mae Men's Long Sleeve Polo Shirts and Classic Collar Striped Shirt","2","0.07%","2","0.06%","100%","0","0","0.00%","0.00%","£0.00","£0.00","0","0"
"B074KBBRH3","B071GQQD7Y","Summer Mae Women's Tummy Control One Piece Swimwear Deep V Backless Push up Swimming Costume","4","0.14%","6","0.17%","100%","1","0","25.00%","0.00%","£19.89","£0.00","1","0"
"B073RDHBJR","B071GTJSMZ","Summer Mae Women's Ruched One Piece Bathing Suit Halterneck Swimming Costume","1","0.03%","1","0.03%","0%","0","0","0.00%","0.00%","£0.00","£0.00","0","0"
"B073RDHBJR","B071GTK6BT","Summer Mae Women's Ruched One Piece Bathing Suit Halterneck Swimming Costume","1","0.03%","1","0.03%","100%","1","0","100.00%","0.00%","£18.88","£0.00","1","0"
"B06VT69HT9","B071HV6ZCB","Summer Mae Women's Tankini Striped Vintage Swim Dress (Black Large)","6","0.21%","6","0.17%","100%","0","0","0.00%","0.00%","£0.00","£0.00","0","0"
"B071JNX9ML","B071JNX9ML","Summer Mae Women's Tank Ruched Tummy Control One Piece Swimsuit","1","0.03%","1","0.03%","0%","0","0","0.00%","0.00%","£0.00","£0.00","0","0"
"B074KBBRH3","B071KBQJB1","Summer Mae Women's Tummy Control One Piece Swimwear Deep V Backless Push up Swimming Costume","6","0.21%","10","0.28%","90%","2","0","33.33%","0.00%","£39.78","£0.00","2","0"
"B074KBBRH3","B071KBQNZ5","Summer Mae Women's Tummy Control One Piece Swimwear Deep V Backless Push up Swimming Costume","3","0.10%","3","0.08%","67%","1","0","33.33%","0.00%","£19.89","£0.00","1","0"
"B071KTJ7KG","B071KTJ7KG","Summer Mae Women One Piece Off-Shoulder Vintage Volants Front Swimwear Swimming Costume","3","0.10%","4","0.11%","0%","0","0","0.00%","0.00%","£0.00","£0.00","0","0"
"B075CK4F95","B071KZMSQN","Summer Mae Men's Long Sleeve Polo Shirts and Classic Collar Striped Shirt","2","0.07%","2","0.06%","100%","1","0","50.00%","0.00%","£15.99","£0.00","1","0"
"B075CK4F95","B071KZMVTG","Summer Mae Men's Long Sleeve Polo Shirts and Classic Collar Striped Shirt","13","0.45%","19","0.53%","89%","0","0","0.00%","0.00%","£0.00","£0.00","0","0"
"B075CK4F95","B071KZMY6D","Summer Mae Men's Long Sleeve Polo Shirts and Classic Collar Striped Shirt","6","0.21%","8","0.22%","88%","0","0","0.00%","0.00%","£0.00","£0.00","0","0"
"B06VT69HT9","B071LFK69M","Summer Mae Women's Tankini Striped Vintage Swim Dress (Black Medium)","3","0.10%","5","0.14%","100%","1","0","33.33%","0.00%","£19.89","£0.00","1","0"
"B07263B9WB","B071LPLLF4","Summer Mae Women's Two Pieces Bikini Set Twist Bandeau Classical Strapless Swimsuit Red L","2","0.07%","2","0.06%","100%","1","0","50.00%","0.00%","£14.99","£0.00","1","0"
"B07263B9WB","B071P98CFZ","Summer Mae Women's Two Pieces Bikini Set Twist Bandeau Classical Strapless Swimsuit Orange XXL","5","0.17%","5","0.14%","100%","1","0","20.00%","0.00%","£14.99","£0.00","1","0"
"B071YF2MKV","B071RBF645","Summer Mae Women's Cute Ruffles Strap High Waisted Bathing Suits Crop Top Flounce Bikini Set","2","0.07%","2","0.06%","0%","0","0","0.00%","0.00%","£0.00","£0.00","0","0"
"B07263B9WB","B071SGP4ZN","Summer Mae Women's Two Pieces Bikini Set Twist Bandeau Classical Strapless Swimsuit Red M","5","0.17%","7","0.20%","86%","0","0","0.00%","0.00%","£0.00","£0.00","0","0"
"B06VT69HT9","B071VS9Y2M","Summer Mae Women's Tankini Striped Vintage Swim Dress (Black X-Large)","3","0.10%","3","0.08%","67%","2","0","66.67%","0.00%","£39.78","£0.00","2","0"
"B075SW8RNY","B071VYBRWZ","Mocotono Men's Casual Long Sleeve Regular Fit Flannel Plaid Button Down Western Shirts Muti Plaid XX-Large","3","0.10%","6","0.17%","100%","1","0","33.33%","0.00%","£16.99","£0.00","1","0"
"B074KBBRH3","B071X8S6D4","Summer Mae Women's Tummy Control One Piece Swimwear Deep V Backless Push up Swimming Costume","7","0.24%","12","0.34%","100%","3","0","42.86%","0.00%","£59.67","£0.00","3","0"
"B074KBBRH3","B071X8SH7Y","Summer Mae Women's Tummy Control One Piece Swimwear Deep V Backless Push up Swimming Costume","13","0.45%","17","0.47%","82%","1","0","7.69%","0.00%","£19.89","£0.00","1","0"
"B074KBBRH3","B071X8SHY6","Summer Mae Women's Tummy Control One Piece Swimwear Deep V Backless Push up Swimming Costume","1","0.03%","4","0.11%","100%","0","0","0.00%","0.00%","£0.00","£0.00","0","0"
"B074KBBRH3","B071X8SKR8","Summer Mae Women's Tummy Control One Piece Swimwear Deep V Backless Push up Swimming Costume","1","0.03%","1","0.03%","100%","1","0","100.00%","0.00%","£19.89","£0.00","1","0"
"B074KBBRH3","B071X8SL2L","Summer Mae Women's Tummy Control One Piece Swimwear Deep V Backless Push up Swimming Costume","9","0.31%","14","0.39%","93%","1","0","11.11%","0.00%","£19.89","£0.00","1","0"
"B074KBBRH3","B071X8SLCH","Summer Mae Women's Tummy Control One Piece Swimwear Deep V Backless Push up Swimming Costume","27","0.93%","31","0.87%","100%","1","0","3.70%","0.00%","£19.89","£0.00","1","0"
"B071YF2MKV","B071YC8FZY","Summer Mae Women's Cute Ruffles Strap High Waisted Bathing Suits Crop Top Flounce Bikini Set","0","0.00%","0","0.00%","0%","1","0","0.00%","0.00%","£15.99","£0.00","1","0"
"B071YF2MKV","B071YF2MKV","Women's Cute Ruffles Strap High Waisted Bathing Suits Crop Top Flounce Bikini Set","33","1.13%","36","1.01%","6%","0","0","0.00%","0.00%","£0.00","£0.00","0","0"
"B074KBBRH3","B0721PTYSL","Summer Mae Women's Tummy Control One Piece Swimwear Deep V Backless Push up Swimming Costume","2","0.07%","3","0.08%","67%","3","0","150.00%","0.00%","£59.67","£0.00","3","0"
"B074KBBRH3","B0721PV275","Summer Mae Women's Tummy Control One Piece Swimwear Deep V Backless Push up Swimming Costume","28","0.96%","33","0.92%","100%","1","0","3.57%","0.00%","£19.89","£0.00","1","0"
"B074KBBRH3","B0721PV6W2","Summer Mae Women's Tummy Control One Piece Swimwear Deep V Backless Push up Swimming Costume","16","0.55%","22","0.61%","100%","1","0","6.25%","0.00%","£19.89","£0.00","1","0"
"B074KBBRH3","B0721PV7N8","Summer Mae Women's Tummy Control One Piece Swimwear Deep V Backless Push up Swimming Costume","5","0.17%","5","0.14%","80%","2","0","40.00%","0.00%","£39.78","£0.00","2","0"
"B073RDHBJR","B0721SPNV9","Summer Mae Women's Ruched One Piece Bathing Suit Halterneck Swimming Costume","1","0.03%","1","0.03%","100%","0","0","0.00%","0.00%","£0.00","£0.00","0","0"
"B07263B9WB","B07263B9WB","Summer Mae Women's Two Pieces Bikini Set Twist Halter Bandeau","59","2.03%","71","1.98%","7%","0","0","0.00%","0.00%","£0.00","£0.00","0","0"
"B07263B9WB","B0728K5SC8","Summer Mae Women's Two Pieces Bikini Set Twist Bandeau Classical Strapless Swimsuit Black M","13","0.45%","14","0.39%","71%","0","0","0.00%","0.00%","£0.00","£0.00","0","0"
"B07263B9WB","B072C4YPV8","Summer Mae Women's Two Pieces Bikini Set Twist Bandeau Classical Strapless Swimsuit White M","1","0.03%","1","0.03%","100%","0","0","0.00%","0.00%","£0.00","£0.00","0","0"
"B07263B9WB","B072FQQZSL","Summer Mae Women's Two Pieces Bikini Set Twist Bandeau Classical Strapless Swimsuit Red S","11","0.38%","12","0.34%","83%","1","0","9.09%","0.00%","£14.99","£0.00","1","0"
"B07263B9WB","B072FQR5MZ","Summer Mae Women's Two Pieces Bikini Set Twist Bandeau Classical Strapless Swimsuit White S","9","0.31%","10","0.28%","90%","0","0","0.00%","0.00%","£0.00","£0.00","0","0"
"B072K5ZX3R","B072K5ZX3R","Summer Mae Women's Long Sleeve Plain A Line Cable Knit Sweater Dress","1","0.03%","1","0.03%","0%","0","0","0.00%","0.00%","£0.00","£0.00","0","0"
"B073RDHBJR","B072KN3KBK","Summer Mae Women's Ruched One Piece Bathing Suit Halterneck Swimming Costume","2","0.07%","4","0.11%","100%","0","0","0.00%","0.00%","£0.00","£0.00","0","0"
"B075SW8RNY","B072LM9VCD","Mocotono Men's Casual Long Sleeve Regular Fit Flannel Plaid Button Down Western Shirts Black Small","1","0.03%","1","0.03%","100%","0","0","0.00%","0.00%","£0.00","£0.00","0","0"
"B075SW8RNY","B072LTDN7F","Mocotono Men's Casual Long Sleeve Regular Fit Flannel Plaid Button Down Western Shirts Black XX-Large","2","0.07%","2","0.06%","50%","0","0","0.00%","0.00%","£0.00","£0.00","0","0"
"B07263B9WB","B072LX6J94","Summer Mae Women's Two Pieces Bikini Set Twist Bandeau Classical Strapless Swimsuit Red XL","5","0.17%","6","0.17%","100%","0","0","0.00%","0.00%","£0.00","£0.00","0","0"
"B074KBBRH3","B072R2PPXQ","Summer Mae Women's Tummy Control One Piece Swimwear Deep V Backless Push up Swimming Costume","2","0.07%","3","0.08%","100%","2","0","100.00%","0.00%","£39.78","£0.00","2","0"
"B074KBBRH3","B072R2RYSM","Summer Mae Women's Tummy Control One Piece Swimwear Deep V Backless Push up Swimming Costume","7","0.24%","8","0.22%","62%","0","0","0.00%","0.00%","£0.00","£0.00","0","0"
"B073RDHBJR","B072R4R3Y1","Summer Mae Women's Ruched One Piece Bathing Suit Halterneck Swimming Costume","1","0.03%","2","0.06%","100%","0","0","0.00%","0.00%","£0.00","£0.00","0","0"
"B073RDHBJR","B072R69CKC","Summer Mae Women's Ruched One Piece Bathing Suit Halterneck Swimming Costume","0","0.00%","0","0.00%","0%","1","0","0.00%","0.00%","£18.88","£0.00","1","0"
"B07D4CVBK9","B0734S5GHL","Summer Mae Women's Maternity Pregnancy Halter Printed Padding Tankini Swimsuit, XXX-Large","1","0.03%","1","0.03%","100%","0","0","0.00%","0.00%","£0.00","£0.00","0","0"
"B07D4CVBK9","B0734T5SPK","Summer Mae Women's Maternity Pregnancy Halter Printed Padding Tankini Swimsuit","1","0.03%","1","0.03%","100%","0","0","0.00%","0.00%","£0.00","£0.00","0","0"
"B07D4CVBK9","B0734TM5VJ","Summer Mae Women's Maternity Pregnancy Halter Printed Padding Tankini Swimsuit","1","0.03%","1","0.03%","100%","1","0","100.00%","0.00%","£15.50","£0.00","1","0"
"B07D4CVBK9","B0734VZ32T","Summer Mae Women's Maternity Pregnancy Halter Printed Padding Tankini Swimsuit","0","0.00%","0","0.00%","0%","1","0","0.00%","0.00%","£15.50","£0.00","1","0"
"B07D4CVBK9","B0734WHFTC","Summer Mae Women's Maternity Pregnancy Halter Printed Padding Tankini Swimsuit, XX-Large","1","0.03%","1","0.03%","0%","1","0","100.00%","0.00%","£15.50","£0.00","1","0"
"B07D3RXH5B","B073PP2K9L","Mocotono Men's Solid Color Oxford Short Sleeve Button Down Casual Shirt Grey Medium","1","0.03%","1","0.03%","100%","0","0","0.00%","0.00%","£0.00","£0.00","0","0"
"B0777HCY6L","B073PP2Q5W","100% Cotton Men's Solid Color Oxford Casual Shirt Long Sleeve Regular Fit","2","0.07%","2","0.06%","100%","0","0","0.00%","0.00%","£0.00","£0.00","0","0"
"B07D3RXH5B","B073PP3ZWD","Mocotono Men's Solid Color Oxford Short Sleeve Button Down Casual Shirt Blue X-Large","8","0.27%","8","0.22%","100%","2","0","25.00%","0.00%","£37.78","£0.00","1","0"
"B0777HCY6L","B073PP7W37","Mocotono 100% Cotton Men's Solid Color Oxford Casual Shirt Long Sleeve Regular Fit","1","0.03%","1","0.03%","100%","0","0","0.00%","0.00%","£0.00","£0.00","0","0"
"B0777HCY6L","B073PPB8RP","100% Cotton Men's Solid Color Oxford Casual Shirt Long Sleeve Regular Fit","3","0.10%","6","0.17%","100%","1","0","33.33%","0.00%","£17.99","£0.00","1","0"
"B0777HCY6L","B073PPFLNM","100% Cotton Men's Solid Color Oxford Casual Shirt Long Sleeve Regular Fit","1","0.03%","1","0.03%","100%","0","0","0.00%","0.00%","£0.00","£0.00","0","0"
"B07DXB3TLN","B073PPHCN1","Summer Mae Men's Solid Color 100% Cotton Oxford Long Sleeve Button Down Casual Shirt","5","0.17%","7","0.20%","100%","0","0","0.00%","0.00%","£0.00","£0.00","0","0"
"B0777HCY6L","B073PPHGGQ","100% Cotton Men's Solid Color Oxford Casual Shirt Long Sleeve Regular Fit","2","0.07%","2","0.06%","100%","1","0","50.00%","0.00%","£17.99","£0.00","1","0"
"B07D3RXH5B","B073PPJ57C","Mocotono Men's Solid Color Oxford Short Sleeve Button Down Casual Shirt Red Medium","1","0.03%","1","0.03%","0%","1","0","100.00%","0.00%","£18.89","£0.00","1","0"
"B07D3RXH5B","B073PPJQP3","Mocotono Men's Solid Color Oxford Short Sleeve Button Down Casual Shirt Grey X-Large","2","0.07%","2","0.06%","50%","0","0","0.00%","0.00%","£0.00","£0.00","0","0"
"B07D3RXH5B","B073PPM5HW","Mocotono Men's Solid Color Oxford Short Sleeve Button Down Casual Shirt Pink Large","2","0.07%","2","0.06%","100%","0","0","0.00%","0.00%","£0.00","£0.00","0","0"
"B0777HCY6L","B073PPM5K5","Mocotono 100% Cotton Men's Solid Color Oxford Casual Shirt Long Sleeve Regular Fit","7","0.24%","9","0.25%","89%","1","0","14.29%","0.00%","£17.99","£0.00","1","0"
"B07D3RXH5B","B073PPMWTH","Mocotono Men's Solid Color Oxford Short Sleeve Button Down Casual Shirt Pink XX-Large","4","0.14%","5","0.14%","100%","0","0","0.00%","0.00%","£0.00","£0.00","0","0"
"B0777HCY6L","B073PPMXD1","100% Cotton Men's Solid Color Oxford Casual Shirt Long Sleeve Regular Fit","2","0.07%","3","0.08%","100%","0","0","0.00%","0.00%","£0.00","£0.00","0","0"
"B0777HCY6L","B073PPNMZS","100% Cotton Men's Solid Color Oxford Casual Shirt Long Sleeve Regular Fit","3","0.10%","3","0.08%","100%","0","0","0.00%","0.00%","£0.00","£0.00","0","0"
"B0777HCY6L","B073PPNNFC","100% Cotton Men's Solid Color Oxford Casual Shirt Long Sleeve Regular Fit","2","0.07%","2","0.06%","100%","2","0","100.00%","0.00%","£35.98","£0.00","2","0"
"B07D3RXH5B","B073PPP5ZG","Summer Mae Men's Solid Color Oxford Short Sleeve Button Down Casual Shirt","8","0.27%","10","0.28%","100%","0","0","0.00%","0.00%","£0.00","£0.00","0","0"
"B07DXB3TLN","B073PPPDK9","Summer Mae Men's Solid Color 100% Cotton Oxford Long Sleeve Button Down Casual Shirt","1","0.03%","1","0.03%","100%","0","0","0.00%","0.00%","£0.00","£0.00","0","0"
"B07D3RXH5B","B073PPRLVC","Mocotono Men's Solid Color Oxford Short Sleeve Button Down Casual Shirt Green X-Large","2","0.07%","2","0.06%","100%","1","0","50.00%","0.00%","£18.89","£0.00","1","0"
"B07D3RXH5B","B073PPRP1F","Mocotono Men's Solid Color Oxford Short Sleeve Button Down Casual Shirt Green XX-Large","3","0.10%","3","0.08%","100%","0","0","0.00%","0.00%","£0.00","£0.00","0","0"
"B0777HCY6L","B073PPRQLJ","Mocotono 100% Cotton Men's Solid Color Oxford Casual Shirt Long Sleeve Regular Fit","3","0.10%","6","0.17%","50%","1","0","33.33%","0.00%","£17.99","£0.00","1","0"
"B07D3RXH5B","B073PPS7FM","Mocotono Men's Solid Color Oxford Short Sleeve Button Down Casual Shirt Blue Small","24","0.82%","26","0.73%","100%","0","0","0.00%","0.00%","£0.00","£0.00","0","0"
"B07D3RXH5B","B073PPSG6W","Mocotono Men's Solid Color Oxford Short Sleeve Button Down Casual Shirt Grey Small","12","0.41%","13","0.36%","100%","0","0","0.00%","0.00%","£0.00","£0.00","0","0"
"B07DXB3TLN","B073PPT396","Summer Mae Men's Solid Color 100% Cotton Oxford Long Sleeve Button Down Casual Shirt","4","0.14%","7","0.20%","100%","0","0","0.00%","0.00%","£0.00","£0.00","0","0"
"B0777HCY6L","B073PPT3Z6","100% Cotton Men's Solid Color Oxford Casual Shirt Long Sleeve Regular Fit","3","0.10%","3","0.08%","67%","0","0","0.00%","0.00%","£0.00","£0.00","0","0"
"B07D3RXH5B","B073PPT4YQ","Mocotono Men's Solid Color Oxford Short Sleeve Button Down Casual Shirt Sky Blue XX-Large","6","0.21%","8","0.22%","100%","2","0","33.33%","0.00%","£37.78","£0.00","2","0"
"B07D3RXH5B","B073PPT6WC","Mocotono Men's Solid Color Oxford Short Sleeve Button Down Casual Shirt Red Large","3","0.10%","3","0.08%","67%","1","0","33.33%","0.00%","£18.89","£0.00","1","0"
"B07D3RXH5B","B073PPTRXC","Mocotono Men's Solid Color Oxford Short Sleeve Button Down Casual Shirt Dark Blue Small","29","1.00%","33","0.92%","100%","0","0","0.00%","0.00%","£0.00","£0.00","0","0"
"B07D3RXH5B","B073PPTVHP","Mocotono Men's Solid Color Oxford Short Sleeve Button Down Casual Shirt Sky Blue Large","3","0.10%","3","0.08%","100%","1","0","33.33%","0.00%","£18.89","£0.00","1","0"
"B07D3RXH5B","B073PPVWW3","Mocotono Men's Solid Color Oxford Short Sleeve Button Down Casual Shirt Green Small","9","0.31%","11","0.31%","100%","0","0","0.00%","0.00%","£0.00","£0.00","0","0"
"B0777HCY6L","B073PPWDT7","100% Cotton Men's Solid Color Oxford Casual Shirt Long Sleeve Regular Fit","4","0.14%","6","0.17%","33%","0","0","0.00%","0.00%","£0.00","£0.00","0","0"
"B07D3RXH5B","B073PPWFZQ","Mocotono Men's Solid Color Oxford Short Sleeve Button Down Casual Shirt White Large","2","0.07%","3","0.08%","67%","0","0","0.00%","0.00%","£0.00","£0.00","0","0"
"B07D3RXH5B","B073PPWMDR","Mocotono Men's Solid Color Oxford Short Sleeve Button Down Casual Shirt White X-Large","1","0.03%","1","0.03%","100%","0","0","0.00%","0.00%","£0.00","£0.00","0","0"
"B07D3RXH5B","B073PPY7H7","Mocotono Men's Solid Color Oxford Short Sleeve Button Down Casual Shirt Sky Blue Small","40","1.37%","44","1.23%","100%","0","0","0.00%","0.00%","£0.00","£0.00","0","0"
"B07D3RXH5B","B073PPYPXZ","Mocotono Men's Solid Color Oxford Short Sleeve Button Down Casual Shirt Sky Blue X-Large","11","0.38%","12","0.34%","92%","1","0","9.09%","0.00%","£14.90","£0.00","1","0"
"B07D3RXH5B","B073PPZDDJ","Mocotono Men's Solid Color Oxford Short Sleeve Button Down Casual Shirt Red XX-Large","5","0.17%","6","0.17%","100%","2","0","40.00%","0.00%","£37.78","£0.00","2","0"
"B07D3RXH5B","B073PQ115V","Mocotono Men's Solid Color Oxford Short Sleeve Button Down Casual Shirt Pink Medium","2","0.07%","2","0.06%","100%","0","0","0.00%","0.00%","£0.00","£0.00","0","0"
"B07DXB3TLN","B073PQ12FL","Summer Mae Men's Solid Color 100% Cotton Oxford Long Sleeve Button Down Casual Shirt","1","0.03%","1","0.03%","100%","0","0","0.00%","0.00%","£0.00","£0.00","0","0"
"B0777HCY6L","B073PQ2K9M","Mocotono 100% Cotton Men's Solid Color Oxford Casual Shirt Long Sleeve Regular Fit","11","0.38%","11","0.31%","100%","0","0","0.00%","0.00%","£0.00","£0.00","0","0"
"B0777HCY6L","B073PQ3DVN","Mocotono 100% Cotton Men's Solid Color Oxford Casual Shirt Long Sleeve Regular Fit","1","0.03%","1","0.03%","100%","0","0","0.00%","0.00%","£0.00","£0.00","0","0"
"B07D3RXH5B","B073PQ4WFY","Mocotono Men's Solid Color Oxford Short Sleeve Button Down Casual Shirt White Medium","1","0.03%","2","0.06%","100%","0","0","0.00%","0.00%","£0.00","£0.00","0","0"
"B07D3RXH5B","B073PQ59J8","Mocotono Men's Solid Color Oxford Short Sleeve Button Down Casual Shirt Red Small","20","0.69%","23","0.64%","100%","0","0","0.00%","0.00%","£0.00","£0.00","0","0"
"B07DXB3TLN","B073PQ5WVC","Summer Mae Men's Solid Color 100% Cotton Oxford Long Sleeve Button Down Casual Shirt","2","0.07%","2","0.06%","100%","0","0","0.00%","0.00%","£0.00","£0.00","0","0"
"B0777HCY6L","B073PQ61JH","100% Cotton Men's Solid Color Oxford Casual Shirt Long Sleeve Regular Fit","4","0.14%","5","0.14%","100%","2","0","50.00%","0.00%","£35.98","£0.00","2","0"
"B0777HCY6L","B073PQ6BZ4","Mocotono 100% Cotton Men's Solid Color Oxford Casual Shirt Long Sleeve Regular Fit","1","0.03%","1","0.03%","0%","0","0","0.00%","0.00%","£0.00","£0.00","0","0"
"B0777HCY6L","B073PQ7JKT","100% Cotton Men's Solid Color Oxford Casual Shirt Long Sleeve Regular Fit","2","0.07%","2","0.06%","100%","0","0","0.00%","0.00%","£0.00","£0.00","0","0"
"B0777HCY6L","B073PQ7M22","100% Cotton Men's Solid Color Oxford Casual Shirt Long Sleeve Regular Fit","6","0.21%","6","0.17%","100%","1","0","16.67%","0.00%","£14.99","£0.00","1","0"
"B07D3RXH5B","B073PQ7X4Y","Mocotono Men's Solid Color Oxford Short Sleeve Button Down Casual Shirt White Small","12","0.41%","16","0.45%","94%","0","0","0.00%","0.00%","£0.00","£0.00","0","0"
"B07DXB3TLN","B073PQ7Z9P","Summer Mae Men's Solid Color 100% Cotton Oxford Long Sleeve Button Down Casual Shirt","2","0.07%","2","0.06%","100%","0","0","0.00%","0.00%","£0.00","£0.00","0","0"
"B0777HCY6L","B073PQ8R84","100% Cotton Men's Solid Color Oxford Casual Shirt Long Sleeve Regular Fit","0","0.00%","0","0.00%","0%","1","0","0.00%","0.00%","£16.99","£0.00","1","0"
"B0777HCY6L","B073PQCX9Z","100% Cotton Men's Solid Color Oxford Casual Shirt Long Sleeve Regular Fit","4","0.14%","4","0.11%","75%","0","0","0.00%","0.00%","£0.00","£0.00","0","0"
"B0777HCY6L","B073PQD5PP","Mocotono 100% Cotton Men's Solid Color Oxford Casual Shirt Long Sleeve Regular Fit","3","0.10%","3","0.08%","67%","0","0","0.00%","0.00%","£0.00","£0.00","0","0"
"B0777HCY6L","B073PQDCYM","100% Cotton Men's Solid Color Oxford Casual Shirt Long Sleeve Regular Fit","1","0.03%","1","0.03%","100%","0","0","0.00%","0.00%","£0.00","£0.00","0","0"
"B07DXB3TLN","B073PQDRHR","Summer Mae Men's Solid Color 100% Cotton Oxford Long Sleeve Button Down Casual Shirt","1","0.03%","1","0.03%","100%","0","0","0.00%","0.00%","£0.00","£0.00","0","0"
"B07D3RXH5B","B073PQFZ61","Mocotono Men's Solid Color Oxford Short Sleeve Button Down Casual Shirt Grey XX-Large","3","0.10%","3","0.08%","100%","0","0","0.00%","0.00%","£0.00","£0.00","0","0"
"B07D3RXH5B","B073PQKB9N","Mocotono Men's Solid Color Oxford Short Sleeve Button Down Casual Shirt Blue XX-Large","2","0.07%","2","0.06%","100%","0","0","0.00%","0.00%","£0.00","£0.00","0","0"
"B0777HCY6L","B073PQLSS5","100% Cotton Men's Solid Color Oxford Casual Shirt Long Sleeve Regular Fit","1","0.03%","1","0.03%","100%","0","0","0.00%","0.00%","£0.00","£0.00","0","0"
"B07D3RXH5B","B073PQMGW1","Mocotono Men's Solid Color Oxford Short Sleeve Button Down Casual Shirt Pink Small","17","0.58%","21","0.59%","100%","0","0","0.00%","0.00%","£0.00","£0.00","0","0"
"B07DXB3TLN","B073PQQ4QW","Summer Mae Men's Solid Color 100% Cotton Oxford Long Sleeve Button Down Casual Shirt","0","0.00%","0","0.00%","0%","1","0","0.00%","0.00%","£17.99","£0.00","1","0"
"B07D3RXH5B","B073PQQCK8","Mocotono Men's Solid Color Oxford Short Sleeve Button Down Casual Shirt White XX-Large","6","0.21%","6","0.17%","100%","1","0","16.67%","0.00%","£18.89","£0.00","1","0"
"B0777HCY6L","B073PQRR8P","Mocotono 100% Cotton Men's Solid Color Oxford Casual Shirt Long Sleeve Regular Fit","3","0.10%","3","0.08%","67%","0","0","0.00%","0.00%","£0.00","£0.00","0","0"
"B0777HCY6L","B073PQXDQX","100% Cotton Men's Solid Color Oxford Casual Shirt Long Sleeve Regular Fit","10","0.34%","10","0.28%","90%","0","0","0.00%","0.00%","£0.00","£0.00","0","0"
"B073RDHBJR","B073RDHBJR","Summer Mae Women's Ruched One Piece Bathing Suit Halterneck Swimming Costume","23","0.79%","27","0.75%","15%","0","0","0.00%","0.00%","£0.00","£0.00","0","0"
"B073XH6QNZ","B073XH6QNZ","Summer Mae Women's Retro Printed Two Piece Padded Swimming Costume Tankini Set with Shorts","6","0.21%","6","0.17%","0%","0","0","0.00%","0.00%","£0.00","£0.00","0","0"
"B073XHSN99","B073XHSN99","Summer Mae Women Swimwear Deep V-Neck Backless Halter Solid Color Monokini","1","0.03%","2","0.06%","0%","0","0","0.00%","0.00%","£0.00","£0.00","0","0"
"B0787T7RLZ","B073XJSM26","Mocotono Men's Sweatshirts Casual Regular Fit Pullover Round-Neck Sweater Cotton Knitwear Khaki Medium","1","0.03%","1","0.03%","100%","0","0","0.00%","0.00%","£0.00","£0.00","0","0"
"B075K5QBR8","B073XK1K4N","Mocotono Men's Casual Regular Fit Pullover V-Neck Sweater Cotton Knitwear Black Medium","2","0.07%","2","0.06%","100%","0","0","0.00%","0.00%","£0.00","£0.00","0","0"
"B0787T7RLZ","B073XK31PD","Mocotono Men's Sweatshirts Casual Regular Fit Pullover Round-Neck Sweater Cotton Knitwear Wine Red Medium","1","0.03%","1","0.03%","100%","0","0","0.00%","0.00%","£0.00","£0.00","0","0"
"B0787T7RLZ","B073XK4DWT","Mocotono Men's Sweatshirts Casual Regular Fit Pullover Round-Neck Sweater Cotton Knitwear Light Blue Medium","1","0.03%","1","0.03%","100%","1","0","100.00%","0.00%","£19.99","£0.00","1","0"
"B075K5QBR8","B073XK7RVB","Mocotono Men's Casual Regular Fit Pullover V-Neck Sweater Cotton Knitwear Black X-Large","1","0.03%","1","0.03%","100%","0","0","0.00%","0.00%","£0.00","£0.00","0","0"
"B0787T7RLZ","B073XKV6RW","Mocotono Men's Sweatshirts Casual Regular Fit Pullover Round-Neck Sweater Cotton Knitwear Dark Green Medium","1","0.03%","1","0.03%","100%","0","0","0.00%","0.00%","£0.00","£0.00","0","0"
"B073Z6DT3Y","B073Z6DT3Y","Summer Mae Women's Plus Size Ruffled Tankini Top & Printed-Hem Ruffled Swim Skirt","1","0.03%","2","0.06%","0%","0","0","0.00%","0.00%","£0.00","£0.00","0","0"
"B0744B7YRC","B0744B7YRC","Summer Mae Women's Warm Plush Soft Sole Indoor Slipper","14","0.48%","17","0.47%","0%","0","0","0.00%","0.00%","£0.00","£0.00","0","0"
"B074H2MBW3","B074H2MBW3","Summer Mae Women's & Men's Coral Fleece Bedroom Slippers/Footwear Memory Foam Clogs","1","0.03%","1","0.03%","0%","0","0","0.00%","0.00%","£0.00","£0.00","0","0"
"B074KBBRH3","B074KBBRH3","Summer Mae Women's Tummy Control One Piece Swimwear Deep V Backless Push up Swimming Costume","128","4.40%","154","4.30%","8%","0","0","0.00%","0.00%","£0.00","£0.00","0","0"
"B074Z5TCQY","B074P3869J","Summer Mae Women's Loose Casual Solid Long Sleeve Jumper Dress with Pockets and Mock Turtleneck","1","0.03%","1","0.03%","0%","0","0","0.00%","0.00%","£0.00","£0.00","0","0"
"B074Z5TCQY","B074P3C5BJ","Summer Mae Women's Loose Casual Solid Long Sleeve Jumper Dress with Pockets and Mock Turtleneck","1","0.03%","1","0.03%","0%","0","0","0.00%","0.00%","£0.00","£0.00","0","0"
"B071YF2MKV","B074TCM5BV","Summer Mae Women's Cute Ruffles Strap High Waisted Bathing Suits Crop Top Flounce Bikini Set","1","0.03%","1","0.03%","0%","0","0","0.00%","0.00%","£0.00","£0.00","0","0"
"B071YF2MKV","B074TCZM6R","Summer Mae Women's Cute Ruffles Strap High Waisted Bathing Suits Crop Top Flounce Bikini Set","1","0.03%","1","0.03%","100%","1","0","100.00%","0.00%","£15.99","£0.00","1","0"
"B07544LVZB","B074V5D4HX","Summer Mae Women's 3/4 Sleeve Basic Long Bodycon Dress With Solide Color","1","0.03%","1","0.03%","100%","0","0","0.00%","0.00%","£0.00","£0.00","0","0"
"B07544LVZB","B074V6CJLR","Summer Mae Women's 3/4 Sleeve Basic Long Bodycon Dress with Solide Color","3","0.10%","4","0.11%","100%","0","0","0.00%","0.00%","£0.00","£0.00","0","0"
"B07544LVZB","B074V6GLZP","Summer Mae Women's 3/4 Sleeve Basic Long Bodycon Dress with Solide Color","1","0.03%","1","0.03%","100%","0","0","0.00%","0.00%","£0.00","£0.00","0","0"
"B07544LVZB","B074V6T6W7","Summer Mae Women's 3/4 Sleeve Basic Long Bodycon Dress with Solide Color","3","0.10%","3","0.08%","100%","0","0","0.00%","0.00%","£0.00","£0.00","0","0"
"B07544LVZB","B074V6X26G","Summer Mae Women's 3/4 Sleeve Basic Long Bodycon Dress with Solide Color","1","0.03%","1","0.03%","100%","0","0","0.00%","0.00%","£0.00","£0.00","0","0"
"B07544LVZB","B074V6XKTH","Summer Mae Women's 3/4 Sleeve Basic Long Bodycon Dress with Solide Color","1","0.03%","1","0.03%","100%","0","0","0.00%","0.00%","£0.00","£0.00","0","0"
"B07544LVZB","B074V6Z682","Summer Mae Women's 3/4 Sleeve Basic Long Bodycon Dress with Solide Color","1","0.03%","1","0.03%","100%","0","0","0.00%","0.00%","£0.00","£0.00","0","0"
"B07544LVZB","B074V717QH","Summer Mae Women's 3/4 Sleeve Basic Long Bodycon Dress with Solide Color","1","0.03%","1","0.03%","100%","0","0","0.00%","0.00%","£0.00","£0.00","0","0"
"B07544LVZB","B074V72SC8","Summer Mae Women's 3/4 Sleeve Basic Long Bodycon Dress With Solide Color","2","0.07%","3","0.08%","100%","0","0","0.00%","0.00%","£0.00","£0.00","0","0"
"B07544LVZB","B074V79N2J","Summer Mae Women's 3/4 Sleeve Basic Long Bodycon Dress With Solide Color","1","0.03%","2","0.06%","100%","0","0","0.00%","0.00%","£0.00","£0.00","0","0"
"B07544LVZB","B074V7BZH7","Summer Mae Women's 3/4 Sleeve Basic Long Bodycon Dress with Solide Color","0","0.00%","0","0.00%","0%","1","0","0.00%","0.00%","£9.99","£0.00","1","0"
"B07544LVZB","B074V7DJSZ","Summer Mae Women's 3/4 Sleeve Basic Long Bodycon Dress with Solide Color","1","0.03%","1","0.03%","100%","0","0","0.00%","0.00%","£0.00","£0.00","0","0"
"B07544LVZB","B074V7JG2M","Summer Mae Women's 3/4 Sleeve Basic Long Bodycon Dress with Solide Color","0","0.00%","0","0.00%","0%","1","0","0.00%","0.00%","£9.99","£0.00","1","0"
"B07544LVZB","B074V7V9V6","Summer Mae Women's 3/4 Sleeve Basic Long Bodycon Dress with Solide Color","1","0.03%","1","0.03%","100%","0","0","0.00%","0.00%","£0.00","£0.00","0","0"
"B0753Z8RPN","B074W6RP57","Summer Mae Women's Long Sleeve Knitted Dress V Neck Midi Sweater Split Dress","1","0.03%","1","0.03%","100%","0","0","0.00%","0.00%","£0.00","£0.00","0","0"
"B074Z5TCQY","B074Z5TCQY","Summer Mae Women's Loose Casual Solid Long Sleeve Jumper Dress with Pockets and Mock Turtleneck","2","0.07%","2","0.06%","50%","0","0","0.00%","0.00%","£0.00","£0.00","0","0"
"B0753Z8RPN","B0753Z8RPN","Summer Mae Women's Long Sleeve Knitted Dress V Neck Midi Sweater Split Dress","1","0.03%","1","0.03%","0%","0","0","0.00%","0.00%","£0.00","£0.00","0","0"
"B07544LVZB","B07544LVZB","Summer Mae Women's 3/4 Sleeve Basic Long Bodycon Dress With Solide Color","2","0.07%","2","0.06%","0%","0","0","0.00%","0.00%","£0.00","£0.00","0","0"
"B075CK4F95","B075CK4F95","Summer Mae Men's Long Sleeve Polo Shirts and Classic Collar Striped Shirt","3","0.10%","3","0.08%","0%","0","0","0.00%","0.00%","£0.00","£0.00","0","0"
"B01N7EGVZ1","B075D1Z8VQ","Summer Mae Women's Warm Plush Leopard Slippers With Ribbon Bowknot","1","0.03%","1","0.03%","100%","0","0","0.00%","0.00%","£0.00","£0.00","0","0"
"B01N7EGVZ1","B075D4WP3Z","Summer Mae Women's Warm Plush Leopard Slippers with Ribbon Bowknot","2","0.07%","2","0.06%","100%","0","0","0.00%","0.00%","£0.00","£0.00","0","0"
"B01N7EGVZ1","B075D512BH","Summer Mae Women's Warm Plush Leopard Slippers With Ribbon Bowknot","1","0.03%","1","0.03%","100%","0","0","0.00%","0.00%","£0.00","£0.00","0","0"
"B01N7EGVZ1","B075D85KM5","Summer Mae Women's Knit Faux Fur Linning Slippers With Horn Button","1","0.03%","1","0.03%","100%","0","0","0.00%","0.00%","£0.00","£0.00","0","0"
"B075K5QBR8","B075K5QBR8","Mocotono Men's Casual Regular Fit Pullover V-Neck Sweater Cotton Knitwear","11","0.38%","18","0.50%","28%","0","0","0.00%","0.00%","£0.00","£0.00","0","0"
"B075SW8RNY","B075SW8RNY","Mocotono Men's Casual Long Sleeve Regular Fit Flannel Plaid Button Down Western Shirts","4","0.14%","4","0.11%","0%","0","0","0.00%","0.00%","£0.00","£0.00","0","0"
"B0774FZDLG","B075TV98C6","Teenking Boy's Fleece Outdoor Jacket 14-15 Years","1","0.03%","1","0.03%","100%","0","0","0.00%","0.00%","£0.00","£0.00","0","0"
"B0774FZDLG","B075TVHYHF","Teenking Boy's Fleece Outdoor Jacket 8-9 Years","0","0.00%","0","0.00%","0%","1","0","0.00%","0.00%","£13.99","£0.00","1","0"
"B0774FZDLG","B075TW1B4H","Teenking Boy's Fleece Outdoor Jacket 4 Years","1","0.03%","2","0.06%","0%","0","0","0.00%","0.00%","£0.00","£0.00","0","0"
"B0774FZDLG","B075TY5MCG","Teenking Boy's Fleece Outdoor Jacket 4 Years","1","0.03%","1","0.03%","0%","0","0","0.00%","0.00%","£0.00","£0.00","0","0"
"B01M00G3A8","B0761QXVBZ","Summer Mae Women's Knitting Turtleneck Long Sleeve Loose Lace Cotton Casual Dress","1","0.03%","1","0.03%","100%","0","0","0.00%","0.00%","£0.00","£0.00","0","0"
"B07649NJ9T","B07648CNQX","Summer Mae Women's Elegant Sexy V Neck Long Slit Dress with Waistband and Pockets","1","0.03%","1","0.03%","0%","0","0","0.00%","0.00%","£0.00","£0.00","0","0"
"B07649NJ9T","B07649NJ9T","Summer Mae Women's Elegant Sexy V Neck Long Slit Dress with Waistband and Pockets","1","0.03%","1","0.03%","0%","0","0","0.00%","0.00%","£0.00","£0.00","0","0"
"B076H24GQV","B076H24GQV","Summer Mae Women Casual Tunic Dress Long Sleeve Bell-Sleeve Flare Dress","1","0.03%","1","0.03%","0%","0","0","0.00%","0.00%","£0.00","£0.00","0","0"
"B076WRWQYT","B076SGFV16","Mocotono Men's Waterproof Rain Jacket Fleece Snow Ski Winter Coat XXL Army Green","1","0.03%","1","0.03%","100%","0","0","0.00%","0.00%","£0.00","£0.00","0","0"
"B076WRWQYT","B076STWKGB","Mocotono Men's Waterproof Rain Jacket Fleece Snow Ski Winter Coat S Red","1","0.03%","1","0.03%","100%","0","0","0.00%","0.00%","£0.00","£0.00","0","0"
"B076WRWQYT","B076STX89V","Mocotono Men's Waterproof Rain Jacket Fleece Snow Ski Winter Coat S Black","1","0.03%","1","0.03%","100%","0","0","0.00%","0.00%","£0.00","£0.00","0","0"
"B076WRWQYT","B076WRWQYT","Mocotono Men's Waterproof Rain Jacket Fleece Snow Ski Winter Coat","1","0.03%","1","0.03%","100%","0","0","0.00%","0.00%","£0.00","£0.00","0","0"
"B0777HCY6L","B0777HCY6L","100% Cotton Men's Solid Color Oxford Casual Shirt Long Sleeve Regular Fit","47","1.61%","60","1.68%","22%","0","0","0.00%","0.00%","£0.00","£0.00","0","0"
"B0786DMY5X","B077XCDSJ4","Mocotono Men's Cotton Sweater V- Neck Regular Fit Knitwear Knit Jumper Red M","1","0.03%","1","0.03%","100%","0","0","0.00%","0.00%","£0.00","£0.00","0","0"
"B0787HNVJW","B077XD9CYP","Mocotono Men's Long Sleeves Sweater V- Neck Regular Fit Knitwear Blue S","1","0.03%","1","0.03%","100%","0","0","0.00%","0.00%","£0.00","£0.00","0","0"
"B0786DMY5X","B077XF2ZRG","Mocotono Men's Cotton Sweater V- Neck Regular Fit Knitwear Knit Jumper Dark Gray XL","2","0.07%","2","0.06%","0%","0","0","0.00%","0.00%","£0.00","£0.00","0","0"
"B0786DMY5X","B077XFL97Z","Mocotono Men's Cotton Sweater V- Neck Regular Fit Knitwear Knit Jumper Dark Gray S","0","0.00%","0","0.00%","0%","1","0","0.00%","0.00%","£19.99","£0.00","1","0"
"B0786DMY5X","B077XG4XDR","Mocotono Men's Cotton Sweater V- Neck Regular Fit Knitwear Knit Jumper Light Gray S","2","0.07%","2","0.06%","50%","0","0","0.00%","0.00%","£0.00","£0.00","0","0"
"B0786DMY5X","B077XGKMY5","Mocotono Men's Cotton Sweater V- Neck Regular Fit Knitwear Knit Jumper Light Gray M","4","0.14%","4","0.11%","100%","0","0","0.00%","0.00%","£0.00","£0.00","0","0"
"B0786DMY5X","B077XGQHSM","Mocotono Men's Cotton Sweater V- Neck Regular Fit Knitwear Knit Jumper Red XL","2","0.07%","3","0.08%","100%","0","0","0.00%","0.00%","£0.00","£0.00","0","0"
"B0786DMY5X","B0786DMY5X","Mocotono Men's Cotton Sweater V- Neck Regular Fit Knitwear Knit Jumper","1","0.03%","1","0.03%","0%","0","0","0.00%","0.00%","£0.00","£0.00","0","0"
"B0787FW7C6","B0787FW7C6","Mocotono Herren Corduroy Cotton Trousers Winter Warm Casual Stretch Pants","1","0.03%","1","0.03%","0%","0","0","0.00%","0.00%","£0.00","£0.00","0","0"
"B0787HNVJW","B0787HNVJW","Mocotono Men's Long Sleeves Sweater V- Neck Regular Fit Knitwear","1","0.03%","1","0.03%","0%","0","0","0.00%","0.00%","£0.00","£0.00","0","0"
"B0787T7RLZ","B0787QDQ7J","Mocotono Men's Sweatshirts Casual Regular Fit Pullover Round-Neck Sweater Cotton Knitwear Dark Blue Medium","1","0.03%","1","0.03%","100%","0","0","0.00%","0.00%","£0.00","£0.00","0","0"
"B0787T7RLZ","B0787T7RLZ","Mocotono Men's Sweatshirts Casual Regular Fit Pullover Round-Neck Sweater Cotton Knitwear","3","0.10%","3","0.08%","33%","0","0","0.00%","0.00%","£0.00","£0.00","0","0"
"B0787T7RLZ","B0787THW9D","Mocotono Men's Sweatshirts Casual Regular Fit Pullover Round-Neck Sweater Cotton Knitwear Green Medium","1","0.03%","1","0.03%","100%","0","0","0.00%","0.00%","£0.00","£0.00","0","0"
"B0788RPDGZ","B0788GKNWC","Mocotono Men's Elegant Long Sleeve Collared Polo Shirt Top White L","4","0.14%","5","0.14%","80%","0","0","0.00%","0.00%","£0.00","£0.00","0","0"
"B0788RPDGZ","B0788JGZ5J","Mocotono Men's Elegant Long Sleeve Collared Polo Shirt Top Grey L","5","0.17%","5","0.14%","80%","0","0","0.00%","0.00%","£0.00","£0.00","0","0"
"B0788RPDGZ","B0788K3H99","Mocotono Men's Elegant Long Sleeve Collared Polo Shirt Top Dark Blue XXL","2","0.07%","3","0.08%","100%","0","0","0.00%","0.00%","£0.00","£0.00","0","0"
"B0788RPDGZ","B0788K43ZX","Mocotono Men's Elegant Long Sleeve Collared Polo Shirt Top Black L","3","0.10%","5","0.14%","80%","0","0","0.00%","0.00%","£0.00","£0.00","0","0"
"B0788RPDGZ","B0788K4417","Mocotono Men's Elegant Long Sleeve Collared Polo Shirt Top Grey XXL","1","0.03%","1","0.03%","100%","0","0","0.00%","0.00%","£0.00","£0.00","0","0"
"B0788RPDGZ","B0788KFZ7Y","Mocotono Men's Elegant Long Sleeve Collared Polo Shirt Top Grey S","7","0.24%","7","0.20%","71%","0","0","0.00%","0.00%","£0.00","£0.00","0","0"
"B0788RPDGZ","B0788KZ4NT","Mocotono Men's Elegant Long Sleeve Collared Polo Shirt Top Grey XL","3","0.10%","3","0.08%","100%","0","0","0.00%","0.00%","£0.00","£0.00","0","0"
"B0788RPDGZ","B0788LHPGK","Mocotono Men's Elegant Long Sleeve Collared Polo Shirt Top White XL","3","0.10%","3","0.08%","100%","0","0","0.00%","0.00%","£0.00","£0.00","0","0"
"B0788RPDGZ","B0788LLYXL","Mocotono Men's Elegant Long Sleeve Collared Polo Shirt Top Dark Blue M","12","0.41%","16","0.45%","100%","0","0","0.00%","0.00%","£0.00","£0.00","0","0"
"B0788RPDGZ","B0788MQ753","Mocotono Men's Elegant Long Sleeve Collared Polo Shirt Top Rot S","5","0.17%","6","0.17%","83%","0","0","0.00%","0.00%","£0.00","£0.00","0","0"
"B0788RPDGZ","B0788N9BWS","Mocotono Men's Elegant Long Sleeve Collared Polo Shirt Top Dark Blue XL","13","0.45%","16","0.45%","100%","0","0","0.00%","0.00%","£0.00","£0.00","0","0"
"B0788RPDGZ","B0788NC9MD","Mocotono Men's Elegant Long Sleeve Collared Polo Shirt Top Dark Blue S","8","0.27%","10","0.28%","90%","0","0","0.00%","0.00%","£0.00","£0.00","0","0"
"B0788RPDGZ","B0788NZKVF","Mocotono Men's Elegant Long Sleeve Collared Polo Shirt Top White S","4","0.14%","5","0.14%","80%","1","0","25.00%","0.00%","£18.99","£0.00","1","0"
"B0788RPDGZ","B0788QHJLM","Mocotono Men's Elegant Long Sleeve Collared Polo Shirt Top Rot XXL","1","0.03%","1","0.03%","100%","0","0","0.00%","0.00%","£0.00","£0.00","0","0"
"B0788RPDGZ","B0788RPDGZ","Mocotono Men's Elegant Long Sleeve Collared Polo Shirt Top","38","1.31%","44","1.23%","16%","0","0","0.00%","0.00%","£0.00","£0.00","0","0"
"B078NLQ25K","B078NL9L3B","Mocotono Men's Long Sleeve Hoodie Pullover Solid Color Casual Sweatshirt Pink X-Large","1","0.03%","1","0.03%","100%","0","0","0.00%","0.00%","£0.00","£0.00","0","0"
"B078NLQ25K","B078NPY3QQ","Men's Long Sleeve Hoodie Pullover Solid Color Casual Sweatshirt Pink Medium","1","0.03%","1","0.03%","100%","0","0","0.00%","0.00%","£0.00","£0.00","0","0"
"B07D3RXH5B","B078VZD77Q","Mocotono Men's Short Sleeve Shirts/Summer Casual Shirt/50% Cotton 50% Polyester White Small","3","0.10%","3","0.08%","100%","0","0","0.00%","0.00%","£0.00","£0.00","0","0"
"B07D3RXH5B","B078VZHXDQ","Mocotono Men's Short Sleeve Shirts/Summer Casual Shirt/50% Cotton 50% Polyester Blue Small","3","0.10%","4","0.11%","100%","0","0","0.00%","0.00%","£0.00","£0.00","0","0"
"B07D3RXH5B","B078W1415D","Mocotono Men's Short Sleeve Shirts/Summer Casual Shirt/50% Cotton 50% Polyester Yellow Medium","2","0.07%","4","0.11%","100%","0","0","0.00%","0.00%","£0.00","£0.00","0","0"
"B07D3RXH5B","B078W1D7HX","Mocotono Men's Short Sleeve Shirts/Summer Casual Shirt/50% Cotton 50% Polyester Gray Small","5","0.17%","5","0.14%","100%","0","0","0.00%","0.00%","£0.00","£0.00","0","0"
"B07D3RXH5B","B078W1DC66","Mocotono Men's Short Sleeve Shirts/Summer Casual Shirt/50% Cotton 50% Polyester Yellow Small","2","0.07%","2","0.06%","100%","1","0","50.00%","0.00%","£14.99","£0.00","1","0"
"B07D3RXH5B","B078W1DC69","Mocotono Men's Short Sleeve Shirts/Summer Casual Shirt/50% Cotton 50% Polyester Black Medium","4","0.14%","5","0.14%","100%","1","0","25.00%","0.00%","£18.99","£0.00","1","0"
"B07D3RXH5B","B078W1XLVS","Mocotono Men's Short Sleeve Shirts/Summer Casual Shirt/50% Cotton 50% Polyester Black Small","2","0.07%","2","0.06%","100%","0","0","0.00%","0.00%","£0.00","£0.00","0","0"
"B07D3RXH5B","B078W1ZVMK","Mocotono Men's Short Sleeve Shirts/Summer Casual Shirt/50% Cotton 50% Polyester White Large","1","0.03%","1","0.03%","100%","0","0","0.00%","0.00%","£0.00","£0.00","0","0"
"B079DHYL31","B079DKDWVR","Mocotono Men's Jackets Waterproof Windbreaker Softshell Fleece Coat Black M","1","0.03%","1","0.03%","100%","0","0","0.00%","0.00%","£0.00","£0.00","0","0"
"B079DHYL31","B079DL7546","Mocotono Men's Jackets Waterproof Windbreaker Softshell Fleece Coat Black L","1","0.03%","1","0.03%","100%","0","0","0.00%","0.00%","£0.00","£0.00","0","0"
"B07BCDJW7N","B07BCDJW7N","Summer Mae Women's Cocktail Dress Elegant Deep V Neck High Waist Vintage Midi Swing Dress","1","0.03%","2","0.06%","0%","0","0","0.00%","0.00%","£0.00","£0.00","0","0"
"B07D4CVBK9","B07BN6FTSH","Summer Mae Maternity Swimming Costume Triangle Halter Tankini Blue M","1","0.03%","1","0.03%","0%","0","0","0.00%","0.00%","£0.00","£0.00","0","0"
"B07BNJC1P8","B07BNJC1P8","Summer Mae Women's One Piece Solid Swimsuit Monokini Backless Bathing Suit Swimming Costume","1","0.03%","1","0.03%","0%","0","0","0.00%","0.00%","£0.00","£0.00","0","0"
"B07BWC2HBC","B07BWC2HBC","Summer Mae Women's Two Pieces Bikini Set Wave Point Strapless Swimsuit","1","0.03%","2","0.06%","0%","0","0","0.00%","0.00%","£0.00","£0.00","0","0"
"B07C1NV7WZ","B07C1NV7WZ","Summer Mae Women's Sexy Detachable Padded Cutout Push up Striped Bikini Set Two Piece Swimsuit","6","0.21%","7","0.20%","0%","0","0","0.00%","0.00%","£0.00","£0.00","0","0"
"B07C1NV7WZ","B07C219DGR","Summer Mae Women's Sexy Detachable Padded Cutout Push up Striped Bikini Set Two Piece Swimsuit Black Strip M","1","0.03%","1","0.03%","0%","0","0","0.00%","0.00%","£0.00","£0.00","0","0"
"B07C1NV7WZ","B07C21YZ9R","Summer Mae Women's Sexy Detachable Padded Cutout Push up Striped Bikini Set Two Piece Swimsuit Black Strip XXL","0","0.00%","0","0.00%","0%","1","0","0.00%","0.00%","£17.99","£0.00","1","0"
"B07C1NV7WZ","B07C2535TF","Summer Mae Women's Sexy Detachable Padded Cutout Push up Striped Bikini Set Two Piece Swimsuit Pink Strip S","1","0.03%","1","0.03%","0%","0","0","0.00%","0.00%","£0.00","£0.00","0","0"
"B07CH1CPQD","B07C3VYLS7","Men's Short Sleeve Floral Print Button Down Casual Shirt Red Small","1","0.03%","1","0.03%","100%","0","0","0.00%","0.00%","£0.00","£0.00","0","0"
"B07CH1CPQD","B07C3W1166","Men's Short Sleeve Floral Print Button Down Casual Shirt Blue XX-Large","1","0.03%","1","0.03%","100%","0","0","0.00%","0.00%","£0.00","£0.00","0","0"
"B07CH1CPQD","B07C3W73C5","Men's Short Sleeve Floral Print Button Down Casual Shirt Navy XX-Large","1","0.03%","1","0.03%","100%","1","0","100.00%","0.00%","£24.85","£0.00","1","0"
"B07CH1CPQD","B07C41Q6CQ","Men's Short Sleeve Floral Print Button Down Casual Shirt Green 2 Small","1","0.03%","1","0.03%","100%","0","0","0.00%","0.00%","£0.00","£0.00","0","0"
"B07D4CVBK9","B07C9242NH","Summer Mae Maternity Swimming Costume Triangle Halter Tankini Blue S","1","0.03%","1","0.03%","0%","0","0","0.00%","0.00%","£0.00","£0.00","0","0"
"B07C1NV7WZ","B07CBVSYCH","Summer Mae Women's Sexy Detachable Padded Cutout Push up Striped Bikini Set Two Piece Swimsuit Blue Strip M","1","0.03%","2","0.06%","0%","0","0","0.00%","0.00%","£0.00","£0.00","0","0"
"B07CH1CPQD","B07CC3WQPP","Men's Short Sleeve Floral Print Button Down Casual Shirt Red XX-Large","1","0.03%","1","0.03%","100%","0","0","0.00%","0.00%","£0.00","£0.00","0","0"
"B07D4CVBK9","B07CCN4Z6Q","Summer Mae Maternity Swimming Costume Triangle Halter Tankini Blue XXL","1","0.03%","1","0.03%","0%","0","0","0.00%","0.00%","£0.00","£0.00","0","0"
"B07C1NV7WZ","B07CF784BM","Summer Mae Women's Sexy Detachable Padded Cutout Push up Striped Bikini Set Two Piece Swimsuit Blue Strip S","2","0.07%","2","0.06%","0%","0","0","0.00%","0.00%","£0.00","£0.00","0","0"
"B07CH1CPQD","B07CH1CPQD","Men's Short Sleeve Floral Print Button Down Casual Shirt","9","0.31%","14","0.39%","21%","0","0","0.00%","0.00%","£0.00","£0.00","0","0"
"B07CLSYKZ3","B07CKY1W3B","Summer Mae Striped Racerback Tankini with Swim Briefs Two Piece Swimsuit for Women Black XS","0","0.00%","0","0.00%","0%","1","0","0.00%","0.00%","£19.98","£0.00","1","0"
"B07CM4KRGD","B07CLSVW8C","Summer Mae Women Vintage Flounce Polka Dot High Waisted Bathing Suits Two Piece Bikini White XL (UK 12-14)","1","0.03%","1","0.03%","100%","0","0","0.00%","0.00%","£0.00","£0.00","0","0"
"B07CLWMP15","B07CLV5CTK","Summer Mae Plus Size Floral Swimwear One Piece Swimdress for Women Skirted Swimsuit Navy Floral 3XL","1","0.03%","1","0.03%","100%","0","0","0.00%","0.00%","£0.00","£0.00","0","0"
"B07CLWMP15","B07CLWMP15","Summer Mae Plus Size Floral Swimwear One Piece Swimdress for Women Skirted Swimsuit","4","0.14%","4","0.11%","25%","0","0","0.00%","0.00%","£0.00","£0.00","0","0"
"B07CLZHFHL","B07CLZHFHL","Summer Mae Women's One Piece Ruffle Swimwear Backless Cross Monokini","2","0.07%","2","0.06%","0%","0","0","0.00%","0.00%","£0.00","£0.00","0","0"
"B07CM4BMTR","B07CM4BMTR","Summer Mae Women's Off-Shoulder Bikini Set Ruffle Swimwear","2","0.07%","2","0.06%","0%","0","0","0.00%","0.00%","£0.00","£0.00","0","0"
"B07CM4KRGD","B07CM4KRGD","Summer Mae Women Vintage Flounce Polka Dot High Waisted Bathing Suits Two Piece Bikini","3","0.10%","4","0.11%","0%","0","0","0.00%","0.00%","£0.00","£0.00","0","0"
"B07CM7NB9Z","B07CM7NB9Z","Summer Mae Women One Piece High Neck V-Neckline Mesh Ruched Monokini Swimwear","2","0.07%","2","0.06%","50%","0","0","0.00%","0.00%","£0.00","£0.00","0","0"
"B07CMQH1M7","B07CMQ1QNN","Summer Mae Women's Plus Size Fringe Swimsuit Tassel One Piece Swimwear Black L","3","0.10%","3","0.08%","67%","0","0","0.00%","0.00%","£0.00","£0.00","0","0"
"B07CMQH1M7","B07CMQH1M7","Summer Mae Women's Plus Size Fringe Swimsuit Tassel One Piece Swimwear","1","0.03%","1","0.03%","0%","0","0","0.00%","0.00%","£0.00","£0.00","0","0"
"B07CMQH1M7","B07CMST25C","Summer Mae Women's Plus Size Fringe Swimsuit Tassel One Piece Swimwear Pink 3XL","1","0.03%","1","0.03%","100%","1","0","100.00%","0.00%","£22.99","£0.00","1","0"
"B07263B9WB","B07CMTN1NG","Summer Mae Women's Two Pieces Bikini Set Twist Halter Bandeau White M","3","0.10%","3","0.08%","100%","0","0","0.00%","0.00%","£0.00","£0.00","0","0"
"B07263B9WB","B07CMW3LC3","Summer Mae Women's Two Pieces Bikini Set Twist Halter Bandeau Orange L","2","0.07%","2","0.06%","100%","1","0","50.00%","0.00%","£18.99","£0.00","1","0"
"B07CN2Q5S6","B07CMW3LC3","Summer Mae Women's Two Pieces Bikini Set Twist Halter Bandeau Orange L","1","0.03%","3","0.08%","100%","0","0","0.00%","0.00%","£0.00","£0.00","0","0"
"B07263B9WB","B07CMWBQ87","Summer Mae Women's Two Pieces Bikini Set Twist Halter Bandeau White L","1","0.03%","1","0.03%","100%","1","0","100.00%","0.00%","£18.99","£0.00","1","0"
"B07CMQH1M7","B07CMXHF3C","Summer Mae Women's Plus Size Fringe Swimsuit Tassel One Piece Swimwear Blue 3XL","0","0.00%","0","0.00%","0%","1","0","0.00%","0.00%","£22.99","£0.00","1","0"
"B07263B9WB","B07CMXMLWV","Summer Mae Women's Two Pieces Bikini Set Twist Halter Bandeau Red S","1","0.03%","1","0.03%","0%","0","0","0.00%","0.00%","£0.00","£0.00","0","0"
"B07263B9WB","B07CMY88K5","Summer Mae Women's Two Pieces Bikini Set Twist Halter Bandeau Black S","2","0.07%","2","0.06%","50%","0","0","0.00%","0.00%","£0.00","£0.00","0","0"
"B07263B9WB","B07CMYJT44","Summer Mae Women's Two Pieces Bikini Set Twist Halter Bandeau Red M","1","0.03%","2","0.06%","100%","0","0","0.00%","0.00%","£0.00","£0.00","0","0"
"B07263B9WB","B07CMYXPFT","Summer Mae Women's Two Pieces Bikini Set Twist Halter Bandeau White 2XL","1","0.03%","1","0.03%","100%","0","0","0.00%","0.00%","£0.00","£0.00","0","0"
"B07263B9WB","B07CMZJP7Q","Summer Mae Women's Two Pieces Bikini Set Twist Halter Bandeau Red XL","1","0.03%","1","0.03%","100%","0","0","0.00%","0.00%","£0.00","£0.00","0","0"
"B07263B9WB","B07CN191W4","Summer Mae Women's Two Pieces Bikini Set Twist Halter Bandeau Orange XL","0","0.00%","0","0.00%","0%","1","0","0.00%","0.00%","£18.99","£0.00","1","0"
"B07263B9WB","B07CN1SYBB","Summer Mae Women's Two Pieces Bikini Set Twist Halter Bandeau Orange M","2","0.07%","5","0.14%","100%","0","0","0.00%","0.00%","£0.00","£0.00","0","0"
"B07CN2Q5S6","B07CN2Q5S6","","1","0.03%","2","0.06%","0%","0","0","0.00%","0.00%","£0.00","£0.00","0","0"
"B07263B9WB","B07CN3DMXN","Summer Mae Women's Two Pieces Bikini Set Twist Halter Bandeau Red L","1","0.03%","1","0.03%","100%","0","0","0.00%","0.00%","£0.00","£0.00","0","0"
"B07CN73CCN","B07CN73CCN","Summer Mae Women's One Piece Swimsuit Solid Color Hollow Out Swimming Costume","1","0.03%","1","0.03%","0%","0","0","0.00%","0.00%","£0.00","£0.00","0","0"
"B07CMQH1M7","B07CN7XR2X","Summer Mae Women's Plus Size Fringe Swimsuit Tassel One Piece Swimwear Pink L","3","0.10%","3","0.08%","67%","0","0","0.00%","0.00%","£0.00","£0.00","0","0"
"B07263B9WB","B07CNBTNYN","Summer Mae Women's Two Pieces Bikini Set Twist Halter Bandeau Red 2XL","1","0.03%","1","0.03%","100%","0","0","0.00%","0.00%","£0.00","£0.00","0","0"
"B07CMQH1M7","B07CNFRHMZ","Summer Mae Women's Plus Size Fringe Swimsuit Tassel One Piece Swimwear Blue L","2","0.07%","2","0.06%","100%","0","0","0.00%","0.00%","£0.00","£0.00","0","0"
"B07263B9WB","B07CNGYJS6","Summer Mae Women's Two Pieces Bikini Set Twist Halter Bandeau Black L","3","0.10%","3","0.08%","100%","0","0","0.00%","0.00%","£0.00","£0.00","0","0"
"B07263B9WB","B07CNHMMNB","Summer Mae Women's Two Pieces Bikini Set Twist Halter Bandeau White XL","1","0.03%","1","0.03%","100%","0","0","0.00%","0.00%","£0.00","£0.00","0","0"
"B07D3RXH5B","B07D3RXH5B","Mocotono Men's Solid Color Oxford Short Sleeve Button Down Casual Shirt","89","3.06%","130","3.63%","18%","0","0","0.00%","0.00%","£0.00","£0.00","0","0"
"B07D4CVBK9","B07D4CVBK9","Summer Mae Maternity Swimming Costume Triangle Halter Tankini","18","0.62%","21","0.59%","0%","0","0","0.00%","0.00%","£0.00","£0.00","0","0"
"B06VT69HT9","B07DCQ53HT","Summer Mae Women's Tankini Striped Vintage Swim Dress Red XS","2","0.07%","2","0.06%","50%","1","0","50.00%","0.00%","£19.89","£0.00","1","0"
"B06VT69HT9","B07DCQLNGD","Summer Mae Women's Tankini Striped Vintage Swim Dress Red L","2","0.07%","2","0.06%","100%","0","0","0.00%","0.00%","£0.00","£0.00","0","0"
"B06VT69HT9","B07DCQNWSP","Summer Mae Women's Tankini Striped Vintage Swim Dress Red M","5","0.17%","5","0.14%","100%","0","0","0.00%","0.00%","£0.00","£0.00","0","0"
"B06VT69HT9","B07DCRHWL6","Summer Mae Women's Tankini Striped Vintage Swim Dress Red S","0","0.00%","0","0.00%","0%","1","0","0.00%","0.00%","£19.89","£0.00","1","0"
"B07DXB3TLN","B07DXB3TLN","Mocotono Herren Langarm Hemd Baumwolle Casual Freizeit Oxford Hemd mit Taschen Super Qualität Für Männer","23","0.79%","24","0.67%","4%","0","0","0.00%","0.00%","£0.00","£0.00","0","0"
