"(父） ASIN","（子）ASIN","商品名称","买家访问次数","买家访问次数百分比","页面浏览次数","页面浏览次数百分比","购买按钮赢得率","已订购商品数量","订单商品数量转化率","已订购商品销售额","订单商品种类数"
"B06XX186BB","B06XXD5D68","MiYang Women's Beach Pant Bikini Bottom Adjustable Tie Boy Short","125","1.46%","191","1.78%","71%","36","28.80%","CAD539.64","34"
"B06XX186BB","B06XWZDQBF","MiYang Women's Beach Pant Bikini Bottom Adjustable Tie Boy Short","87","1.02%","121","1.13%","98%","32","36.78%","CAD479.68","30"
"B06XX186BB","B06XXC71R7","MiYang Women's Beach Pant Bikini Bottom Adjustable Tie Boy Short","54","0.63%","79","0.74%","94%","19","35.19%","CAD284.81","19"
"B06XX186BB","B06XXBMK3H","MiYang Women's Beach Pant Bikini Bottom Adjustable Tie Boy Short","41","0.48%","61","0.57%","92%","17","41.46%","CAD254.83","17"
"B06XX186BB","B06XXFGJ5Z","MiYang Women's Beach Pant Bikini Bottom Adjustable Tie Boy Short","53","0.62%","67","0.63%","100%","16","30.19%","CAD239.84","16"
"B06XX186BB","B06XWZJ94M","MiYang Women's Beach Pant Bikini Bottom Adjustable Tie Boy Short","48","0.56%","66","0.62%","100%","11","22.92%","CAD164.89","11"
"B06XX186BB","B06XXF89VM","MiYang Women's Beach Pant Bikini Bottom Adjustable Tie Boy Short","80","0.94%","99","0.92%","90%","10","12.50%","CAD149.90","10"
"B079NTDB1K","B079NWXNZ7","Women's Flounced Striped High Waited Swimsuit Two Piece Bikini Set Red L","77","0.90%","97","0.91%","100%","9","11.69%","CAD233.91","9"
"B078X7DQS2","B078X8HY72","MiYang Womens One Piece Floral Lace Swimwear Printed Multi-rope Harness Bathing Suit","18","0.21%","28","0.26%","100%","8","44.44%","CAD175.92","8"
"B078X7DQS2","B078X77CMG","MiYang Womens One Piece Floral Lace Swimwear Printed Multi-rope Harness Bathing Suit","12","0.14%","17","0.16%","100%","7","58.33%","CAD153.93","7"
"B06XX186BB","B06XXDYCFP","MiYang Women's Beach Pant Bikini Bottom Adjustable Tie Boy Short","18","0.21%","22","0.21%","77%","6","33.33%","CAD89.94","6"
"B06XX186BB","B06XXF7D82","MiYang Women's Beach Pant Bikini Bottom Adjustable Tie Boy Short","26","0.30%","28","0.26%","100%","6","23.08%","CAD89.94","6"
"B078X7DQS2","B078X7FL96","MiYang Womens One Piece Floral Lace Swimwear Printed Multi-rope Harness Bathing Suit","23","0.27%","35","0.33%","100%","6","26.09%","CAD131.94","6"
"B01M4NM99X","B01EJ5VO38","MiYang Women's Plus-Size Flower Printing Shaping Body One Piece Swim Dresses Swimsuit Black 1XL","16","0.19%","19","0.18%","100%","5","31.25%","CAD179.95","5"
"B01M4NM99X","B01EJ5VT60","MiYang Women's Plus-Size Flower Printing Shaping Body One Piece Swim Dresses Swimsuit Black 4XL","31","0.36%","41","0.38%","85%","5","16.13%","CAD179.95","5"
"B078Z64ZP4","B078Z5C7DK","MiYang Women's Sexy Bandage Bikini Set Push-up Padded 2 Piece Swimsuit Swimwear","18","0.21%","22","0.21%","55%","5","27.78%","CAD99.95","5"
"B079NTDB1K","B079NSKLJX","Women's Flounced Striped High Waited Swimsuit Two Piece Bikini Set Black XL","11","0.13%","11","0.10%","100%","5","45.45%","CAD129.95","5"
"B079NTDB1K","B079NSVLXQ","Women's Flounced Striped High Waited Swimsuit Two Piece Bikini Set Black L","29","0.34%","41","0.38%","83%","5","17.24%","CAD129.95","5"
"B01M4NM99X","B07BHJMT22","Women's Plus-Size Polka Dot Shaping Body One Piece Swim Dresses Swimsuit Navy Polka Dot 2XL","24","0.28%","25","0.23%","100%","5","20.83%","CAD179.95","5"
"B06Y2Y9VT6","B013OSTKN2","Women's Tankini Striped Trapeze Swim Dress (5505 Deep Blue L)","19","0.22%","21","0.20%","100%","4","21.05%","CAD131.96","4"
"B01M4NM99X","B01EJ5VUNW","MiYang Women's Plus-Size Flower Printing Shaping Body One Piece Swim Dresses Swimsuit Black 3XL","26","0.30%","28","0.26%","100%","4","15.38%","CAD143.96","4"
"B01M4NM99X","B01FXAQTLK","MiYang Women's Plus-Size Flower Printing Shaping Body One Piece Swim Dresses Swimsuit ZL 4XL","21","0.25%","27","0.25%","100%","4","19.05%","CAD143.96","4"
"B01M4NM99X","B01HFYMTRK","MiYang Women's Plus-Size Flower Printing Shaping Body One Piece Swim Dresses Swimsuit Black Cherry XL","27","0.32%","34","0.32%","100%","4","14.81%","CAD143.96","4"
"B01M4NM99X","B01HFYMWA4","MiYang Women's Plus-Size Flower Printing Shaping Body One Piece Swim Dresses Swimsuit YT 5XL","12","0.14%","22","0.21%","73%","4","33.33%","CAD143.96","4"
"B06XX186BB","B06XWVLPRH","MiYang Women's Beach Pant Bikini Bottom Adjustable Tie Boy Short","13","0.15%","13","0.12%","100%","4","30.77%","CAD59.96","4"
"B06XX186BB","B06XXCD9RY","MiYang Women's Beach Pant Bikini Bottom Adjustable Tie Boy Short","8","0.09%","12","0.11%","75%","4","50.00%","CAD59.96","4"
"B06XX186BB","B06XXCZS9G","MiYang Women's Beach Pant Bikini Bottom Adjustable Tie Boy Short","40","0.47%","46","0.43%","100%","4","10.00%","CAD59.96","4"
"B079NTDB1K","B079NR6CSY","Women's Flounced Striped High Waited Swimsuit Two Piece Bikini Set Red XL","33","0.39%","40","0.37%","100%","4","12.12%","CAD103.96","4"
"B07BS9RSLR","B07BDDN4NR","MiYang Padded Push up Brazilian Thong Bikini Sets 2018 Swimsuits for Women Black M","9","0.11%","14","0.13%","93%","4","44.44%","CAD83.96","4"
"B07BS9RSLR","B07BDJL36J","MiYang Padded Push up Brazilian Thong Bikini Sets 2018 Swimsuits for Women Orange M","17","0.20%","22","0.21%","100%","4","23.53%","CAD83.96","4"
"B07DK1VJ1S","B07CLKMQYF","MiYang Plus Size Floral Swimwear One Piece Swimdress for Women Skirted Swimsuit Black 3XL(US 24-26)","13","0.15%","16","0.15%","100%","4","30.77%","CAD123.96","4"
"B06XX186BB","B07DFB3XMF","MiYang Women's Beach Pant Bikini Bottom Adjustable Tie Boy Short","47","0.55%","64","0.60%","100%","4","8.51%","CAD63.96","4"
"B06XX186BB","B07DFFCKTM","MiYang Women's Beach Pant Bikini Bottom Adjustable Tie Boy Short","24","0.28%","26","0.24%","100%","4","16.67%","CAD63.96","4"
"B06Y2Y9VT6","B013OSTD48","Women's Tankini Striped Trapeze Swim Dress (5505 Deep Blue S)","2","0.02%","2","0.02%","100%","3","150.00%","CAD98.97","3"
"B01M98IB8X","B01A6BXQDK","MiYang Women's One Piece Striped Slim Swim Dress Bathing Swimwear","11","0.13%","15","0.14%","73%","3","27.27%","CAD89.97","3"
"B01M4NM99X","B01EJ5VRJE","MiYang Women's Plus-Size Flower Printing Shaping Body One Piece Swim Dresses Swimsuit Black 3XL","49","0.57%","58","0.54%","98%","3","6.12%","CAD107.97","3"
"B01M4NM99X","B01FXAQPZK","MiYang Women's Plus-Size Flower Printing Shaping Body One Piece Swim Dresses Swimsuit ZL 2XL","59","0.69%","69","0.64%","99%","3","5.08%","CAD107.97","3"
"B01M4NM99X","B01FXAQVH2","MiYang Women's Plus-Size Flower Printing Shaping Body One Piece Swim Dresses Swimsuit ZL 5XL","18","0.21%","22","0.21%","100%","3","16.67%","CAD107.97","3"
"B01M4NM99X","B01HFYMV14","MiYang Women's Plus-Size Flower Printing Shaping Body One Piece Swim Dresses Swimsuit YT 4XL","23","0.27%","27","0.25%","93%","3","13.04%","CAD107.97","3"
"B06XX186BB","B06XWWLKNP","MiYang Women's Beach Pant Bikini Bottom Adjustable Tie Boy Short","22","0.26%","28","0.26%","89%","3","13.64%","CAD44.97","3"
"B06XX186BB","B06XWZLBXL","MiYang Women's Beach Pant Bikini Bottom Adjustable Tie Boy Short","22","0.26%","28","0.26%","93%","3","13.64%","CAD44.97","3"
"B06XX186BB","B06XXBSFVK","MiYang Women's Beach Pant Bikini Bottom Adjustable Tie Boy Short","20","0.23%","24","0.22%","100%","3","15.00%","CAD44.97","3"
"B06XX186BB","B06XXDTLKL","MiYang Women's Beach Pant Bikini Bottom Adjustable Tie Boy Short","26","0.30%","28","0.26%","100%","3","11.54%","CAD44.97","3"
"B078X7DQS2","B078X7KB91","MiYang Womens One Piece Floral Lace Swimwear Printed Multi-rope Harness Bathing Suit","18","0.21%","24","0.22%","100%","3","16.67%","CAD65.97","3"
"B079NTDB1K","B079NTGNH4","Women's Flounced Striped High Waited Swimsuit Two Piece Bikini Set Purple M","11","0.13%","13","0.12%","100%","3","27.27%","CAD77.97","3"
"B079NTDB1K","B079NXJ2WX","Women's Flounced Striped High Waited Swimsuit Two Piece Bikini Set Black M","10","0.12%","11","0.10%","55%","3","30.00%","CAD77.97","3"
"B07BS9RSLR","B07BDCH6TS","MiYang Padded Push up Brazilian Thong Bikini Sets 2018 Swimsuits for Women Black L","3","0.04%","5","0.05%","100%","3","100.00%","CAD62.97","3"
"B01M4NM99X","B07BHJNXF7","MiYang Women's Plus-Size Shaping Body One Piece Swim Dresses Swimsuit Leaves Print 3XL","7","0.08%","7","0.07%","100%","3","42.86%","CAD107.97","3"
"B01M4NM99X","B07BHKN4XR","Women's Plus-Size Polka Dot Shaping Body One Piece Swim Dresses Swimsuit Black Polka Dot XL","7","0.08%","10","0.09%","90%","3","42.86%","CAD107.97","3"
"B01M4NM99X","B07BHL8PRT","Women's Plus-Size Polka Dot Shaping Body One Piece Swim Dresses Swimsuit Navy Polka Dot L","21","0.25%","30","0.28%","100%","3","14.29%","CAD107.97","3"
"B01M4NM99X","B07BHMP7JD","Women's Plus-Size Polka Dot Shaping Body One Piece Swim Dresses Swimsuit Black Polka Dot 3XL","2","0.02%","2","0.02%","100%","3","150.00%","CAD107.97","3"
"B07C599Z82","B07C5K76XV","MiYang Padded Push up Brazilian Thong Bikini Sets Two Piece Swimsuit for Women Black US 8-10","15","0.18%","16","0.15%","94%","3","20.00%","CAD53.97","3"
"B07B3T238X","B00V3NA5CG","MiYang Halter Neck Wrap One Piece Padded Tankini Swimsuit Monokini Swimwear for Women","4","0.05%","5","0.05%","60%","2","50.00%","CAD37.98","2"
"B01LX2T9AR","B0136OUC9K","MiYang Women's Floral Lace Beach Bikini Swimwear Cover-up, White, Small(US Size 4-6)","4","0.05%","4","0.04%","100%","2","50.00%","CAD53.98","2"
"B06Y2Y9VT6","B013OSTFWS","Women's Tankini Striped Trapeze Swim Dress (5505 Deep Blue M)","9","0.11%","11","0.10%","100%","2","22.22%","CAD65.98","2"
"B01M98IB8X","B01A6WFZZQ","MiYang Women's One Piece Striped Slim Swim Dress Bathing Swimwear","27","0.32%","33","0.31%","94%","2","7.41%","CAD59.98","2"
"B01M98IB8X","B01A6WG3RA","MiYang Women's One Piece Striped Slim Swim Dress Bathing Swimwear","48","0.56%","60","0.56%","93%","2","4.17%","CAD59.98","2"
"B01M4LAA8J","B01AXSD8PC","MiYang Women's Shaping Body Swimsuit One-Piece Swimwear Spa Suit Size tag 5XL/UK size XXL(US Size OX 12W) Orange","3","0.04%","4","0.04%","100%","2","66.67%","CAD59.98","2"
"B01M8KNHIV","B01DLSN9BY","MiYang Women's Two Pieces Stripes Slim Tankini Suit Bathing Swimwear","1","0.01%","1","0.01%","100%","2","200.00%","CAD59.98","2"
"B01M4NM99X","B01HFYMXUI","MiYang Women's Plus-Size Flower Printing Shaping Body One Piece Swim Dresses Swimsuit YT 2XL","13","0.15%","13","0.12%","100%","2","15.38%","CAD71.98","2"
"B01M98IB8X","B01IOEHSWQ","MiYang Women's One Piece Striped Slim Swim Dress Bathing Swimwear","6","0.07%","7","0.07%","100%","2","33.33%","CAD59.98","2"
"B01M4LAA8J","B01MQJOVR2","MiYang Women's Shaping Body Swimsuit One-Piece Swimwear Spa Suit Size tag 4XL/UK size XL,Blue and Green","3","0.04%","4","0.04%","100%","2","66.67%","CAD65.98","2"
"B01M4LAA8J","B01MQJOXH7","MiYang Women's Shaping Body Swimsuit One-Piece Swimwear Spa Suit Size tag 3XL/UK size L,Purple","16","0.19%","25","0.23%","100%","2","12.50%","CAD65.98","2"
"B01M4LAA8J","B01MXLWZ7S","MiYang Women's Shaping Body Swimsuit One-Piece Swimwear Spa Suit Size tag 5XL/UK size XXL(US Size OX 12W) Blue and Green","4","0.05%","4","0.04%","100%","2","50.00%","CAD65.98","2"
"B01M4NM99X","B01N1Z5YOP","MiYang Women's Plus-Size Flower Printing Shaping Body One Piece Swim Dresses Swimsuit","15","0.18%","24","0.22%","100%","2","13.33%","CAD71.98","2"
"B01M4LAA8J","B01N64GDNS","MiYang Women's Shaping Body Swimsuit One-Piece Swimwear Spa Suit Size tag 3XL/UK size L,Blue and Green","5","0.06%","5","0.05%","100%","2","40.00%","CAD65.98","2"
"B01N9T4PYF","B06WWRHVCC","MiYang Women's One Piece Bathing Suit Tankini Swimdress Cover Up Swimsuit 4XL","11","0.13%","17","0.16%","100%","2","18.18%","CAD59.98","2"
"B01N9T4PYF","B06X9CGXPK","MiYang Women's One Piece Bathing Suit Tankini Swimdress Cover up Swimsuit","1","0.01%","1","0.01%","100%","2","200.00%","CAD59.98","2"
"B01N9T4PYF","B06X9NCVM4","MiYang Women's One Piece Bathing Suit Tankini Swimdress Cover Up Swimsuit 5XL","16","0.19%","22","0.21%","100%","2","12.50%","CAD59.98","2"
"B06XX186BB","B06XWWTXPN","MiYang Women's Beach Pant Bikini Bottom Adjustable Tie Boy Short","8","0.09%","8","0.07%","100%","2","25.00%","CAD29.98","2"
"B06XX186BB","B06XX1BZ9P","MiYang Women's Beach Pant Bikini Bottom Adjustable Tie Boy Short","5","0.06%","7","0.07%","100%","2","40.00%","CAD29.98","2"
"B06XX186BB","B06XXDC6VV","MiYang Women's Beach Pant Bikini Bottom Adjustable Tie Boy Short","8","0.09%","8","0.07%","100%","2","25.00%","CAD29.98","2"
"B071Y6G2S3","B071N9PKF4","MiYang Plus Size Yellow Floral Print Blouson Plus Size Swimwear Tankini Top & Boyshort","16","0.19%","18","0.17%","94%","2","12.50%","CAD59.98","2"
"B078X8KW4X","B078X88XXP","MiYang Women's Off the Shoulder Frill Geometric Striped One Piece Bathing Suit Bikini","12","0.14%","20","0.19%","85%","2","16.67%","CAD43.98","2"
"B078X8KW4X","B078X8H4W9","MiYang Women's Off the Shoulder Frill Geometric Striped One Piece Bathing Suit Bikini","13","0.15%","19","0.18%","100%","2","15.38%","CAD43.98","2"
"B078X8KW4X","B078X8NHCV","MiYang Women's Off the Shoulder Frill Geometric Striped One Piece Bathing Suit Bikini","34","0.40%","37","0.35%","100%","2","5.88%","CAD43.98","2"
"B078XBZCQP","B078XB7FNC","MiYang Womens Stripes Lined Up Double Up Tankini Top Swimwear","1","0.01%","3","0.03%","100%","2","200.00%","CAD47.98","2"
"B079NTDB1K","B079NTDSPB","Women's Flounced Striped High Waited Swimsuit Two Piece Bikini Set Red M","5","0.06%","5","0.05%","60%","2","40.00%","CAD51.98","2"
"B079NTDB1K","B079NVD55S","Women's Flounced Striped High Waited Swimsuit Two Piece Bikini Set Red S","46","0.54%","58","0.54%","93%","2","4.35%","CAD51.98","2"
"B079NTDB1K","B079NVPK5Y","Women's Flounced Striped High Waited Swimsuit Two Piece Bikini Set Purple L","34","0.40%","43","0.40%","100%","2","5.88%","CAD51.98","2"
"B079NTDB1K","B079P1TSLZ","Women's Flounced Striped High Waited Swimsuit Two Piece Bikini Set Black S","40","0.47%","53","0.49%","92%","2","5.00%","CAD51.98","2"
"B07B2TSVMZ","B07B2TN7SZ","MiYang Women's Bohemian Kimono Beach Bikini Cover Up Bohemian Floral Cardigan","12","0.14%","15","0.14%","100%","2","16.67%","CAD39.98","2"
"B07B2TSVMZ","B07B2VQW6G","MiYang Women's Bohemian Kimono Beach Bikini Cover Up Bohemian Floral Cardigan","44","0.51%","50","0.47%","100%","2","4.55%","CAD39.98","2"
"B07B3T238X","B07B3RF9GF","MiYang Halter Neck Wrap One Piece Padded Tankini Swimsuit Monokini Swimwear for Women","8","0.09%","11","0.10%","100%","2","25.00%","CAD37.98","2"
"B07CSJTXGW","B07BC7NPT5","MiYang Women's Halter High Waisted Cut Out One Piece Swimsuit Backless Bathing Suit Black XL","4","0.05%","4","0.04%","100%","2","50.00%","CAD51.98","2"
"B07CSJTXGW","B07BCD69SP","MiYang Women's Halter High Waisted Cut Out One Piece Swimsuit Backless Bathing Suit Black L","2","0.02%","3","0.03%","100%","2","100.00%","CAD51.98","2"
"B07BS9RSLR","B07BDCXZDR","MiYang Padded Push up Brazilian Thong Bikini Sets 2018 Swimsuits for Women Orange S","33","0.39%","43","0.40%","95%","2","6.06%","CAD41.98","2"
"B07BS9RSLR","B07BDCZNZ3","MiYang Padded Push up Brazilian Thong Bikini Sets 2018 Swimsuits for Women White L","2","0.02%","3","0.03%","100%","2","100.00%","CAD41.98","2"
"B07BS9RSLR","B07BDJ6B11","MiYang Padded Push up Brazilian Thong Bikini Sets 2018 Swimsuits for Women Red M","8","0.09%","12","0.11%","100%","2","25.00%","CAD41.98","2"
"B07BS9RSLR","B07BDM7YRZ","MiYang Padded Push up Brazilian Thong Bikini Sets 2018 Swimsuits for Women Red L","13","0.15%","14","0.13%","79%","2","15.38%","CAD41.98","2"
"B01M4NM99X","B07BHJ9892","Women's Plus-Size Polka Dot Shaping Body One Piece Swim Dresses Swimsuit Navy Polka Dot XL","10","0.12%","10","0.09%","80%","2","20.00%","CAD71.98","2"
"B01M4NM99X","B07BHJG457","Women's Plus-Size Polka Dot Shaping Body One Piece Swim Dresses Swimsuit Black Polka Dot 2XL","14","0.16%","16","0.15%","100%","2","14.29%","CAD71.98","2"
"B01M4NM99X","B07BHJSQGX","Women's Plus-Size Polka Dot Shaping Body One Piece Swim Dresses Swimsuit Navy Polka Dot 3XL","10","0.12%","11","0.10%","100%","2","20.00%","CAD71.98","2"
"B01M4NM99X","B07BHK9VDD","MiYang Women's Plus-Size Floral Shaping Body One Piece Swim Dresses Swimsuit XL","14","0.16%","19","0.18%","100%","2","14.29%","CAD71.98","2"
"B01M4NM99X","B07BHLTFSJ","MiYang Women's Plus-Size Shaping Body One Piece Swim Dresses Swimsuit Leaves Print XL","14","0.16%","14","0.13%","100%","2","14.29%","CAD71.98","2"
"B01M4NM99X","B07BHMDF7S","MiYang Women's Plus-Size Flower Printing Shaping Body One Piece Swim Dresses Navy Blue 4XL","19","0.22%","22","0.21%","100%","2","10.53%","CAD71.98","2"
"B07DQLCSB7","B07BMTVWV2","Bikini Sets Sport Swimsuit Low Scoop Crop Top High Waisted High Cut Cheeky Bottom","3","0.04%","4","0.04%","25%","2","66.67%","CAD59.98","2"
"B01N9T4PYF","B07C21SJ3Y","Black One Piece Swimsuit High Neck V-Neckline Mesh Ruched Monokini?Swinwear M US(8-10)","7","0.08%","8","0.07%","88%","2","28.57%","CAD59.98","2"
"B01N9T4PYF","B07C229DD3","MiYang Wine Red One Piece Swimsuit High Neck V-Neckline Mesh Ruched Monokini?Swinwear L US(12-14)","3","0.04%","5","0.05%","100%","2","66.67%","CAD59.98","2"
"B01N9T4PYF","B07C22DFJD","MiYang Navy Blue One Piece Swimsuit High Neck V-Neckline Mesh Ruched Monokini?Swinwear XL US (16)","4","0.05%","5","0.05%","100%","2","50.00%","CAD59.98","2"
"B07B3T238X","B07C3LMC53","MiYang Halter Neck Wrap One Piece Padded Tankini Swimsuit Monokini Swimwear for Women","1","0.01%","1","0.01%","100%","2","200.00%","CAD37.98","2"
"B07DQLCSB7","B07C8LWXVZ","Bikini Sets Sport Swimsuit Low Scoop Crop Top High Waisted High Cut Cheeky Bottom","5","0.06%","11","0.10%","82%","2","40.00%","CAD59.98","2"
"B07CSJTXGW","B07CBTGQYC","MiYang Women's Halter High Waisted Cut Out One Piece Swimsuit Backless Bathing Suit Red 2XL","2","0.02%","2","0.02%","100%","2","100.00%","CAD51.98","2"
"B07C599Z82","B07CCH6Y1S","MiYang Padded Push up Brazilian Thong Bikini Sets Two Piece Swimsuit for Women Black US 4-6","5","0.06%","6","0.06%","83%","2","40.00%","CAD35.98","2"
"B07DK1VJ1S","B07CKTGCD3","MiYang Plus Size Floral Swimwear One Piece Swimdress for Women Skirted Swimsuit Black Large(US 12-14)","10","0.12%","12","0.11%","100%","2","20.00%","CAD61.98","2"
"B07DK1VJ1S","B07CKTNMC5","MiYang Plus Size Floral Swimwear One Piece Swimdress for Women Skirted Swimsuit Black Floral Medium(US 8-10)","18","0.21%","23","0.21%","100%","2","11.11%","CAD61.98","2"
"B07DK1VJ1S","B07CKVWVXT","MiYang Plus Size Floral Swimwear One Piece Swimdress for Women Skirted Swimsuit Black 2XL(US 20-22)","5","0.06%","5","0.05%","100%","2","40.00%","CAD61.98","2"
"B07DK1VJ1S","B07CKW2DBN","MiYang Plus Size Floral Swimwear One Piece Swimdress for Women Skirted Swimsuit Navy Floral 3XL(US 24-26)","1","0.01%","1","0.01%","100%","2","200.00%","CAD61.98","2"
"B07DK1VJ1S","B07CL1T9PR","MiYang Plus Size Floral Swimwear One Piece Swimdress for Women Skirted Swimsuit Black Floral 3XL(US 24-26)","8","0.09%","8","0.07%","100%","2","25.00%","CAD61.98","2"
"B06XX186BB","B07DFG942Y","MiYang Women's Beach Pant Bikini Bottom Adjustable Tie Boy Short","19","0.22%","24","0.22%","100%","2","10.53%","CAD31.98","2"
"B06XX186BB","B07DFJ57WK","MiYang Women's Beach Pant Bikini Bottom Adjustable Tie Boy Short","32","0.37%","43","0.40%","77%","2","6.25%","CAD31.98","2"
"B01LX2T9AR","B010SPPG3W","MiYang Women's Floral Lace Beach Bikini Swimwear Cover-up Black XS(US Size 0-2)","7","0.08%","10","0.09%","80%","1","14.29%","CAD26.99","1"
"B01LX2T9AR","B0136OUEKW","MiYang Women's Floral Lace Beach Bikini Swimwear Cover-up Black","5","0.06%","6","0.06%","100%","1","20.00%","CAD26.99","1"
"B06Y2Y9VT6","B013OSTFTG","Women's Tankini Striped Trapeze Swim Dress (5505 orange L)","7","0.08%","7","0.07%","100%","1","14.29%","CAD32.99","1"
"B01MECWEF9","B015QZRPHO","MiYang Women's Bowknot Printing Skirt Spa Swimsuit Bathing Swimwear Sapphire Blue XL","1","0.01%","1","0.01%","100%","1","100.00%","CAD32.99","1"
"B01MECWEF9","B015QZRSF8","MiYang Women's Bowknot Printing Skirt Spa Swimsuit Bathing Swimwear Navy XS","1","0.01%","1","0.01%","0%","1","100.00%","CAD32.99","1"
"B06Y2Y9VT6","B017JO0OBE","MiYang Women's Tankini Striped Vintage Swim Dress (Deep Blue XX-Large)","8","0.09%","9","0.08%","100%","1","12.50%","CAD32.99","1"
"B01M98IB8X","B01A6WFX9Y","MiYang Women's One Piece Striped Slim Swim Dress Bathing Swimwear","4","0.05%","6","0.06%","100%","1","25.00%","CAD29.99","1"
"B01M98IB8X","B01A6WFYJ8","MiYang Women's One Piece Striped Slim Swim Dress Bathing Swimwear","12","0.14%","17","0.16%","76%","1","8.33%","CAD29.99","1"
"B01M4LAA8J","B01AXSD47E","MiYang Women's Shaping Body Swimsuit One-Piece Swimwear Spa Suit Size tag 2XL/UK size M,Orange","2","0.02%","4","0.04%","100%","1","50.00%","CAD29.99","1"
"B01M4LAA8J","B01AXSD5KU","MiYang Women's Shaping Body Swimsuit One-Piece Swimwear Spa Suit Size tag 3XL/UK size L,Orange","5","0.06%","7","0.07%","86%","1","20.00%","CAD29.99","1"
"B01M4LAA8J","B01AXSDC1C","MiYang Women's Shaping Body Swimsuit One-Piece Swimwear Spa Suit Size tag 2XL/UK size M,Blue and Green","6","0.07%","11","0.10%","100%","1","16.67%","CAD29.99","1"
"B01M4LAA8J","B01AXSDEWO","MiYang Women's Shaping Body Swimsuit One-Piece Swimwear Spa Suit Size tag 4XL/UK size XL,Blue and Green","5","0.06%","8","0.07%","100%","1","20.00%","CAD29.99","1"
"B01M4LAA8J","B01AXSDGJ0","MiYang Women's Shaping Body Swimsuit One-Piece Swimwear Spa Suit Size tag 5XL/UK size XXL(US Size OX 12W) Blue and Green","1","0.01%","1","0.01%","100%","1","100.00%","CAD29.99","1"
"B01M98IB8X","B01DIHNXDW","MiYang Women's One Piece Striped Slim Swim Dress Bathing Swimwear","12","0.14%","13","0.12%","15%","1","8.33%","CAD29.99","1"
"B01M8QW10I","B01DXWQFWS","MiYang Womens Cross Double Colored Padded Push Up Halter Bikini Swimsuit Blue US 4-6","3","0.04%","3","0.03%","100%","1","33.33%","CAD18.99","1"
"B01M9D35Z3","B01E89VKPM","MiYang Women's Polka Dot Halter Push up Slim Tankini Padded Swimsuit","3","0.04%","4","0.04%","100%","1","33.33%","CAD25.99","1"
"B01M4NM99X","B01EJ5VPSW","MiYang Women's Plus-Size Flower Printing Shaping Body One Piece Swim Dresses Swimsuit Black 2XL","23","0.27%","27","0.25%","100%","1","4.35%","CAD35.99","1"
"B01M4LQZL4","B01EN7V1LW","MiYang Retro Vintage Striped One Piece Monokini Chevron Lines Swimsuit M BlackWhite","6","0.07%","6","0.06%","100%","1","16.67%","CAD25.99","1"
"B01M4LAA8J","B01F4P0TJC","MiYang Women's Shaping Body Swimsuit One-Piece Swimwear Spa Suit Size tag 3XL/UK size L,Dark Green","6","0.07%","6","0.06%","100%","1","16.67%","CAD29.99","1"
"B01M6WKAND","B01F78AYPK","MiYang Vintage Sailor Pin Up Swimsuit One Piece Skirtini Cover Up Swimdress 2XL Blackdot","1","0.01%","1","0.01%","100%","1","100.00%","CAD32.99","1"
"B01M4NM99X","B01FXAQRNK","MiYang Women's Plus-Size Flower Printing Shaping Body One Piece Swim Dresses Swimsuit ZL 3XL","12","0.14%","16","0.15%","100%","1","8.33%","CAD35.99","1"
"B06Y2Y9VT6","B01G3JENB8","MiYang Women's Tankini Striped Vintage Swim Dress (Light Blue Large)","0","0.00%","0","0.00%","0%","1","0.00%","CAD32.99","1"
"B06Y2Y9VT6","B01G3JEPKM","MiYang Women's Tankini Striped Vintage Swim Dress (Light Blue X-Large)","6","0.07%","6","0.06%","83%","1","16.67%","CAD32.99","1"
"B06Y2Y9VT6","B01G3JERSM","MiYang Women's Tankini Striped Vintage Swim Dress (Light Blue XX-Large)","5","0.06%","5","0.05%","100%","1","20.00%","CAD32.99","1"
"B06Y2Y9VT6","B01G3MA2TC","MiYang Women's Tankini Striped Vintage Swim Dress (Light Blue X-Small)","9","0.11%","9","0.08%","44%","1","11.11%","CAD32.99","1"
"B01LX2T9AR","B01HGFEEFI","MiYang Women's Floral Lace Beach Bikini Swimwear Cover-up, Black, Large(US Size 14-16)","4","0.05%","4","0.04%","100%","1","25.00%","CAD26.99","1"
"B01M98IB8X","B01IOEHKXS","MiYang Women's One Piece Striped Slim Swim Dress Bathing Swimwear","11","0.13%","15","0.14%","93%","1","9.09%","CAD29.99","1"
"B01M98IB8X","B01IOEHM40","MiYang Women's One Piece Striped Slim Swim Dress Bathing Swimwear","1","0.01%","4","0.04%","100%","1","100.00%","CAD29.99","1"
"B01M98IB8X","B01IOEHQOQ","MiYang Women's One Piece Striped Slim Swim Dress Bathing Swimwear","16","0.19%","23","0.21%","83%","1","6.25%","CAD29.99","1"
"B01M98IB8X","B01IOEHTKC","MiYang Women's One Piece Striped Slim Swim Dress Bathing Swimwear","0","0.00%","0","0.00%","0%","1","0.00%","CAD29.99","1"
"B01M98IB8X","B01IOEHVCS","MiYang Women's One Piece Striped Slim Swim Dress Bathing Swimwear","21","0.25%","28","0.26%","100%","1","4.76%","CAD29.99","1"
"B01LX2T9AR","B01LZ7UEO4","MiYang Women's Floral Lace Beach Bikini Swimwear Cover-up Red XL(US Size 10-12)","1","0.01%","1","0.01%","100%","1","100.00%","CAD26.99","1"
"B01M256ILK","B01MDUDE2E","MiYang Women's Long Sleeve A-line Lace Stitching Trim Casual Dress M Blue","0","0.00%","0","0.00%","0%","1","0.00%","CAD21.99","1"
"B01MECWEF9","B01MQJP6LF","MiYang Women's Bowknot Printing Skirt Spa Swimsuit Bathing Swimwear","0","0.00%","0","0.00%","0%","1","0.00%","CAD32.99","1"
"B01MECWEF9","B01N0EHETF","MiYang Women's Bowknot Printing Skirt Spa Swimsuit Bathing Swimwear","1","0.01%","1","0.01%","100%","1","100.00%","CAD32.99","1"
"B01LX2T9AR","B01N4GHBB1","MiYang Women's Floral Lace Beach Bikini Cover-up Navy blue L","1","0.01%","2","0.02%","100%","1","100.00%","CAD26.99","1"
"B01MECWEF9","B01N64GO5L","MiYang Women's Bowknot Printing Skirt Spa Swimsuit Bathing Swimwear","1","0.01%","1","0.01%","100%","1","100.00%","CAD32.99","1"
"B01LX2T9AR","B01N6JCAQV","MiYang Women's Floral Lace Beach Bikini Cover-up Navy blue S","2","0.02%","2","0.02%","100%","1","50.00%","CAD26.99","1"
"B01M256ILK","B01N9LAAEZ","MiYang Women's Long Sleeve A-line Lace Stitching Trim Casual Dress M Red","0","0.00%","0","0.00%","0%","1","0.00%","CAD21.99","1"
"B06Y2Y9VT6","B01NCIQ2XY","MiYang Women's Tankini Striped Vintage Swim Dress","4","0.05%","4","0.04%","100%","1","25.00%","CAD32.99","1"
"B01N9T4PYF","B06WWPKW46","MiYang Women's One Piece Bathing Suit Tankini Swimdress Cover Up Swimsuit 4XL","53","0.62%","69","0.64%","90%","1","1.89%","CAD29.99","1"
"B01N9T4PYF","B06X9NZPVJ","MiYang Women's One Piece Bathing Suit Tankini Swimdress Cover Up Swimsuit 5XL","10","0.12%","16","0.15%","88%","3","30.00%","CAD89.97","1"
"B01N9T4PYF","B06X9P1QZC","MiYang Women's One Piece Bathing Suit Tankini Swimdress Cover up Swimsuit","0","0.00%","0","0.00%","0%","1","0.00%","CAD29.99","1"
"B01N9T4PYF","B06X9P1QZK","MiYang Women's One Piece Bathing Suit Tankini Swimdress Cover up Swimsuit","3","0.04%","8","0.07%","100%","1","33.33%","CAD29.99","1"
"B07DRG8FF1","B06XDKRX68","MiYang Women's Plus Size Ruffled One Piece Tankini Printed-Hem Ruffled Swim Dress","2","0.02%","2","0.02%","100%","1","50.00%","CAD29.99","1"
"B071D8QVJZ","B06XSG4Z8B","MiYang Vintage Starry Sky Convertible Black One Piece Swimsuit","1","0.01%","2","0.02%","100%","1","100.00%","CAD22.99","1"
"B06XX186BB","B06XWVQKJC","MiYang Women's Beach Pant Bikini Bottom Adjustable Tie Boy Short","8","0.09%","8","0.07%","62%","1","12.50%","CAD14.99","1"
"B06XX186BB","B06XX6QYT9","MiYang Women's Beach Pant Bikini Bottom Adjustable Tie Boy Short","15","0.18%","19","0.18%","74%","1","6.67%","CAD14.99","1"
"B06XX186BB","B06XX6WB5H","MiYang Women's Beach Pant Bikini Bottom Adjustable Tie Boy Short","4","0.05%","4","0.04%","100%","1","25.00%","CAD14.99","1"
"B06XX186BB","B06XXBRM57","MiYang Women's Beach Pant Bikini Bottom Adjustable Tie Boy Short","12","0.14%","17","0.16%","71%","1","8.33%","CAD14.99","1"
"B06XX186BB","B06XXBTHN3","MiYang Women's Beach Pant Bikini Bottom Adjustable Tie Boy Short","7","0.08%","7","0.07%","100%","1","14.29%","CAD14.99","1"
"B06XX186BB","B06XXBTHZK","MiYang Women's Beach Pant Bikini Bottom Adjustable Tie Boy Short","0","0.00%","0","0.00%","0%","1","0.00%","CAD14.99","1"
"B06XXDZVHV","B06XXCWXDT","MiYang Women's Sexy Crewneck One Piece Beachwear Bikini Monokini Swimsuit Black XL","3","0.04%","3","0.03%","100%","1","33.33%","CAD29.99","1"
"B06XX186BB","B06XXDF459","MiYang Women's Beach Pant Bikini Bottom Adjustable Tie Boy Short","2","0.02%","2","0.02%","100%","1","50.00%","CAD14.99","1"
"B06XX186BB","B06XXDMBLP","MiYang Women's Beach Pant Bikini Bottom Adjustable Tie Boy Short","12","0.14%","13","0.12%","100%","1","8.33%","CAD14.99","1"
"B06XX186BB","B06XXDNKC5","MiYang Women's Beach Pant Bikini Bottom Adjustable Tie Boy Short","23","0.27%","31","0.29%","74%","1","4.35%","CAD14.99","1"
"B06XX186BB","B06XXDYCM1","MiYang Women's Beach Pant Bikini Bottom Adjustable Tie Boy Short","0","0.00%","0","0.00%","0%","1","0.00%","CAD14.99","1"
"B06XX186BB","B06XXFWS3X","MiYang Women's Beach Pant Bikini Bottom Adjustable Tie Boy Short","2","0.02%","5","0.05%","40%","1","50.00%","CAD14.99","1"
"B06XXDZVHV","B06XXHHLLC","MiYang Women's Sexy Crewneck One Piece Beachwear Bikini Monokini Swimsuit Black XS","4","0.05%","5","0.05%","100%","1","25.00%","CAD29.99","1"
"B06Y2Y9VT6","B0711R9KHM","MiYang Women's Tankini Striped Vintage Swim Dress (Black X-Small)","8","0.09%","12","0.11%","75%","1","12.50%","CAD35.99","1"
"B06Y2Y9VT6","B071F8K78X","MiYang Women's Tankini Striped Vintage Swim Dress (Black Small)","9","0.11%","11","0.10%","82%","1","11.11%","CAD35.99","1"
"B06Y2Y9VT6","B071HV6ZCB","MiYang Women's Tankini Striped Vintage Swim Dress (Black Large)","5","0.06%","10","0.09%","100%","1","20.00%","CAD35.99","1"
"B06Y2Y9VT6","B071LFK69M","MiYang Women's Tankini Striped Vintage Swim Dress (Black Medium)","6","0.07%","8","0.07%","100%","1","16.67%","CAD35.99","1"
"B06Y2Y9VT6","B071VS9Y2M","MiYang Women's Tankini Striped Vintage Swim Dress (Black X-Large)","4","0.05%","4","0.04%","50%","1","25.00%","CAD35.99","1"
"B071Y6G2S3","B071XX713D","MiYang Plus Size Diamond Blouson Plus Size Swimwear Tankini","44","0.51%","56","0.52%","100%","1","2.27%","CAD29.99","1"
"B07694KFC6","B0761LYXTF","MiYang Women's Long Sleeve Striped Floral Tunic T-shirt Dress A-line Trim Casual Dress Blue Striped XXL","0","0.00%","0","0.00%","0%","1","0.00%","CAD25.99","1"
"B078XBZ5CK","B078XC37VR","MiYang Womens Plus Size Back Polka Dot Classic 2 Piece Plus Size Tankini","5","0.06%","7","0.07%","57%","1","20.00%","CAD23.99","1"
"B078XBZCQP","B078XC6LYJ","MiYang Womens Stripes Lined Up Double Up Tankini Top Swimwear 4XL Brown","21","0.25%","23","0.21%","100%","1","4.76%","CAD23.99","1"
"B078Z64ZP4","B078Z5YVZF","MiYang Women's Sexy Bandage Bikini Set Push-up Padded 2 Piece Swimsuit Swimwear","18","0.21%","27","0.25%","56%","1","5.56%","CAD19.99","1"
"B079213PBY","B0791Z16F4","MiYang 50s Elegant Inspired Retro Vintage One Piece Pin Up Monokinis Swimsuit","9","0.11%","11","0.10%","100%","1","11.11%","CAD21.99","1"
"B079213PBY","B07922VJ74","MiYang 50s Elegant Inspired Retro Vintage One Piece Pin Up Monokinis Swimsuit","7","0.08%","8","0.07%","62%","1","14.29%","CAD19.99","1"
"B0799L4SQK","B0799M9ZJD","MiYang Women Maternity Pregnancy Halter Black Floral Tankini Swimsuit","1","0.01%","1","0.01%","100%","1","100.00%","CAD25.99","1"
"B079BKR2MB","B079B5XTJ6","Men's Long Sleeve Plaid Flannel Button Down Casual Shirts Red L","4","0.05%","5","0.05%","100%","1","25.00%","CAD29.99","1"
"B07922N8MH","B079N9L8W1","MiYang Women's High Cut Deep V-neck Green Banana Leaves Strapless Swimwear One Piece Bkini Swimsuit","24","0.28%","25","0.23%","100%","1","4.17%","CAD16.99","1"
"B07922N8MH","B079N9RBTV","MiYang Women's High Cut Deep V-neck Green Banana Leaves Strapless Swimwear One Piece Bkini Swimsuit","2","0.02%","3","0.03%","100%","1","50.00%","CAD16.99","1"
"B07922N8MH","B079NDDD7J","MiYang Women's High Cut Deep V-neck Green Banana Leaves Strapless Swimwear One Piece Bkini Swimsuit","4","0.05%","5","0.05%","100%","1","25.00%","CAD16.99","1"
"B079NTDB1K","B079NSM1XK","Women's Flounced Striped High Waited Swimsuit Two Piece Bikini Set Purple XS","39","0.46%","44","0.41%","77%","1","2.56%","CAD25.99","1"
"B079NTDB1K","B079NZBJYS","Women's Flounced Striped High Waited Swimsuit Two Piece Bikini Set Red XS","35","0.41%","39","0.36%","82%","1","2.86%","CAD25.99","1"
"B079PR2MFS","B079PPX3B3","Women's Plus Size Halter High Waisted Geometry Print Bikini Set 3XL","2","0.02%","2","0.02%","100%","2","100.00%","CAD51.98","1"
"B079PR2MFS","B079PQZG5K","Women's Plus Size Halter High Waisted Geometry Print Bikini Set L","6","0.07%","8","0.07%","100%","1","16.67%","CAD25.99","1"
"B07B2TSVMZ","B07B2TFFFX","MiYang Women's Bohemian Kimono Beach Bikini Cover Up Bohemian Floral Cardigan","23","0.27%","29","0.27%","100%","1","4.35%","CAD19.99","1"
"B07B2TSVMZ","B07B2TPKZS","MiYang Women's Bohemian Kimono Beach Bikini Cover Up Bohemian Floral Cardigan","11","0.13%","16","0.15%","100%","1","9.09%","CAD19.99","1"
"B078Z64ZP4","B07BBLDJ37","MiYang Women's Two Piece Off Shoulder Swimsuits High Waisted Bikini Set","25","0.29%","32","0.30%","91%","1","4.00%","CAD19.99","1"
"B078Z64ZP4","B07BBM5BS7","MiYang Women's Two Piece Off Shoulder Swimsuits High Waisted Bikini Set","0","0.00%","0","0.00%","0%","1","0.00%","CAD19.99","1"
"B078Z64ZP4","B07BBM5ZSW","MiYang Women's Two Piece Off Shoulder Swimsuits High Waisted Bikini Set","17","0.20%","23","0.21%","83%","1","5.88%","CAD19.99","1"
"B078Z64ZP4","B07BBN5PGF","MiYang Women's Two Piece Off Shoulder Swimsuits High Waisted Bikini Set","0","0.00%","0","0.00%","0%","1","0.00%","CAD19.99","1"
"B078Z64ZP4","B07BBNDDX6","MiYang Women's Two Piece Off Shoulder Swimsuits High Waisted Bikini Set","1","0.01%","1","0.01%","100%","1","100.00%","CAD19.99","1"
"B078Z64ZP4","B07BBNKCVN","MiYang Women's Two Piece Off Shoulder Swimsuits High Waisted Bikini Set","2","0.02%","3","0.03%","100%","1","50.00%","CAD19.99","1"
"B078Z64ZP4","B07BBP8NQ2","MiYang Women's Two Piece Off Shoulder Swimsuits High Waisted Bikini Set","4","0.05%","4","0.04%","100%","1","25.00%","CAD19.99","1"
"B078Z64ZP4","B07BBPBJJB","MiYang Women's Two Piece Off Shoulder Swimsuits High Waisted Bikini Set","0","0.00%","0","0.00%","0%","1","0.00%","CAD19.99","1"
"B07BS9RSLR","B07BDD7LMG","MiYang Padded Push up Brazilian Thong Bikini Sets 2018 Swimsuits for Women Black XL","9","0.11%","11","0.10%","100%","1","11.11%","CAD20.99","1"
"B07BS9RSLR","B07BDFBQY8","MiYang Padded Push up Brazilian Thong Bikini Sets 2018 Swimsuits for Women Yellow S","9","0.11%","13","0.12%","100%","1","11.11%","CAD20.99","1"
"B07BS9RSLR","B07BDGBXYG","MiYang Padded Push up Brazilian Thong Bikini Sets 2018 Swimsuits for Women Red S","1","0.01%","1","0.01%","100%","1","100.00%","CAD20.99","1"
"B07BS9RSLR","B07BDGXWJ3","MiYang Padded Push up Brazilian Thong Bikini Sets 2018 Swimsuits for Women Black S","20","0.23%","25","0.23%","88%","1","5.00%","CAD20.99","1"
"B07BS9RSLR","B07BDHFQ67","MiYang Padded Push up Brazilian Thong Bikini Sets 2018 Swimsuits for Women Yellow XL","9","0.11%","11","0.10%","100%","1","11.11%","CAD20.99","1"
"B07BS9RSLR","B07BDJM2W3","MiYang Padded Push up Brazilian Thong Bikini Sets 2018 Swimsuits for Women White S","4","0.05%","5","0.05%","100%","1","25.00%","CAD20.99","1"
"B07BS9RSLR","B07BDJW7N7","MiYang Padded Push up Brazilian Thong Bikini Sets 2018 Swimsuits for Women Yellow L","20","0.23%","22","0.21%","100%","1","5.00%","CAD20.99","1"
"B07BGWRKWV","B07BGT52BM","High-Waisted Strappy Side Casual Bikini Bottoms White US 12","9","0.11%","16","0.15%","100%","1","11.11%","CAD16.99","1"
"B07BGWRKWV","B07BGTVC5W","High-Waisted Strappy Side Casual Bikini Bottoms Red US 6","2","0.02%","3","0.03%","67%","1","50.00%","CAD16.99","1"
"B07BGWRKWV","B07BGWC6DM","High-Waisted Strappy Side Casual Bikini Bottoms White US 8","0","0.00%","0","0.00%","0%","1","0.00%","CAD16.99","1"
"B07BGWRKWV","B07BGYB84Y","High-Waisted Strappy Side Casual Bikini Bottoms Red US 10","3","0.04%","4","0.04%","100%","1","33.33%","CAD16.99","1"
"B01M4NM99X","B07BHJ3QCC","Women's Plus-Size Polka Dot Shaping Body One Piece Swim Dresses Swimsuit Navy Polka Dot M","14","0.16%","18","0.17%","22%","1","7.14%","CAD35.99","1"
"B01M4NM99X","B07BHJCSG3","MiYang Women's Plus-Size Shaping Body One Piece Swim Dresses Swimsuit Leaves Print M","9","0.11%","9","0.08%","33%","1","11.11%","CAD35.99","1"
"B01M4NM99X","B07BHJLJCW","Women's Plus-Size Shaping One Piece Swim Dresses Swimsuit Black S","27","0.32%","28","0.26%","68%","1","3.70%","CAD35.99","1"
"B01M4NM99X","B07BHLKK45","Women's Plus-Size Polka Dot Shaping Body One Piece Swim Dresses Swimsuit Black Polka Dot L","3","0.04%","4","0.04%","25%","1","33.33%","CAD35.99","1"
"B01M4NM99X","B07BHLXX2Z","MiYang Women's Plus-Size Polka Dot Shaping Body One Piece Swim Dresses Swimsuit Black Polka Dot M","18","0.21%","24","0.22%","38%","1","5.56%","CAD35.99","1"
"B078XBZ5CK","B07BLQMDF9","MiYang Womens Plus Size Back Polka Dot Classic 2 Pc Plus Size Tankini","4","0.05%","6","0.06%","100%","1","25.00%","CAD23.99","1"
"B07BQRKF36","B07BQPBTDX","MiYang Halter Maternity Tankini Floral Pregnancy Triangle Swimsuit Pink X-Large","0","0.00%","0","0.00%","0%","1","0.00%","CAD29.99","1"
"B07BQWTRKY","B07BQS6XB8","Halter Maternity Tankini Tie-dye Striped Swimsuit Two Piece Set Navy XX-Large","8","0.09%","12","0.11%","100%","1","12.50%","CAD29.99","1"
"B0795Q4525","B07BS58FFW","MiYang Women's Fashion Striped Long Sleeves Floral A-line Casual T-shirt Dress","1","0.01%","2","0.02%","100%","1","100.00%","CAD20.99","1"
"B01N9T4PYF","B07C1PPZ4L","Navy Blue One Piece Swimsuit High Neck V-Neckline Mesh Ruched Monokini?Swinwear M US(8-10)","4","0.05%","4","0.04%","75%","1","25.00%","CAD29.99","1"
"B01N9T4PYF","B07C1ZCCLP","MiYang Wine Red One Piece Swimsuit High Neck V-Neckline Mesh Ruched Monokini?Swinwear XL US (16)","11","0.13%","11","0.10%","100%","1","9.09%","CAD29.99","1"
"B01N9T4PYF","B07C21FPQP","MiYang Navy Blue One Piece Swimsuit High Neck V-Neckline Mesh Ruched Monokini?Swinwear L US(12-14)","5","0.06%","10","0.09%","90%","1","20.00%","CAD29.99","1"
"B01N9T4PYF","B07C229DTQ","MiYang Black One Piece Swimsuit High Neck V-Neckline Mesh Ruched Monokini?Swinwear 2XL US(14W)","14","0.16%","19","0.18%","100%","1","7.14%","CAD29.99","1"
"B07B3T238X","B07C3LCW8Q","MiYang Halter Neck Wrap One Piece Padded Tankini Swimsuit Monokini Swimwear for Women","3","0.04%","3","0.03%","67%","1","33.33%","CAD18.99","1"
"B07C599Z82","B07C5RJP16","MiYang Padded Push up Brazilian Thong Bikini Sets Two Piece Swimsuit for Women Wine Red US 12-14","0","0.00%","0","0.00%","0%","1","0.00%","CAD17.99","1"
"B07C599Z82","B07C5TQHMT","MiYang Padded Push up Brazilian Thong Bikini Sets Two Piece Swimsuit for Women Blue US 14-16","1","0.01%","1","0.01%","100%","1","100.00%","CAD17.99","1"
"B07C599Z82","B07C5WJ1M4","MiYang Padded Push up Brazilian Thong Bikini Sets Two Piece Swimsuit for Women Black US 14-16","0","0.00%","0","0.00%","0%","1","0.00%","CAD17.99","1"
"B01N9T4PYF","B07CBS7R5J","MiYang Wine Red One Piece Swimsuit High Neck V-Neckline Mesh Ruched Monokini?Swinwear 2XL US(14W)","41","0.48%","45","0.42%","100%","1","2.44%","CAD29.99","1"
"B01N9T4PYF","B07CF76W1T","Wine Red One Piece Swimsuit High Neck V-Neckline Mesh Ruched Monokini?Swinwear M US(8-10)","13","0.15%","19","0.18%","68%","1","7.69%","CAD29.99","1"
"B07DK1VJ1S","B07CKPGYS1","MiYang Plus Size Floral Swimwear One Piece Swimdress for Women Skirted Swimsuit Navy Floral Large(US 12-14)","1","0.01%","1","0.01%","100%","1","100.00%","CAD30.99","1"
"B07DK1VJ1S","B07CKPKB3S","MiYang Plus Size Floral Swimwear One Piece Swimdress for Women Skirted Swimsuit Black Floral 2XL(US 20-22)","15","0.18%","21","0.20%","90%","1","6.67%","CAD30.99","1"
"B07DK1VJ1S","B07CKTFTQ8","MiYang Plus Size Floral Swimwear One Piece Swimdress for Women Skirted Swimsuit Navy Floral XL(US 16-18)","3","0.04%","5","0.05%","100%","1","33.33%","CAD30.99","1"
"B07DK1VJ1S","B07CKTKDNQ","MiYang Plus Size Floral Swimwear One Piece Swimdress for Women Skirted Swimsuit Navy Floral Medium(US 8-10)","10","0.12%","12","0.11%","83%","1","10.00%","CAD30.99","1"
"B07DK1VJ1S","B07CKVX4V7","MiYang Plus Size Floral Swimwear One Piece Swimdress for Women Skirted Swimsuit Green 3XL(US 24-26)","10","0.12%","10","0.09%","100%","1","10.00%","CAD30.99","1"
"B07DK1VJ1S","B07CL1M3YM","MiYang Plus Size Floral Swimwear One Piece Swimdress for Women Skirted Swimsuit Black Floral Large(US 12-14)","7","0.08%","11","0.10%","100%","1","14.29%","CAD30.99","1"
"B07DK1VJ1S","B07CL1TFF9","MiYang Plus Size Floral Swimwear One Piece Swimdress for Women Skirted Swimsuit Navy Floral 2XL(US 20-22)","17","0.20%","22","0.21%","100%","1","5.88%","CAD30.99","1"
"B07DK1VJ1S","B07CL3MCZ9","MiYang Plus Size Floral Swimwear One Piece Swimdress for Women Skirted Swimsuit Black Floral XL(US 16-18)","18","0.21%","22","0.21%","100%","1","5.56%","CAD30.99","1"
"B07DK1VJ1S","B07CLHTTWD","MiYang Plus Size Floral Swimwear One Piece Swimdress for Women Skirted Swimsuit Green Medium(US 8-10)","2","0.02%","2","0.02%","100%","1","50.00%","CAD30.99","1"
"B07DK1VJ1S","B07CLM12L1","MiYang Plus Size Floral Swimwear One Piece Swimdress for Women Skirted Swimsuit Green XL(US 16-18)","1","0.01%","1","0.01%","100%","1","100.00%","CAD30.99","1"
"B07DQLCSB7","B07CYJDL3T","Bikini Sets Sport Swimsuit Low Scoop Crop Top High Waisted High Cut Cheeky Bottom","2","0.02%","2","0.02%","50%","1","50.00%","CAD29.99","1"
"B07DQLCSB7","B07CYMH8KZ","Bikini Sets Sport Swimsuit Low Scoop Crop Top High Waisted High Cut Cheeky Bottom","4","0.05%","4","0.04%","100%","1","25.00%","CAD29.99","1"
"B07BQWTRKY","B07DJ1L77M","MiYang Halter Neck Maternity Tankini Tie-dye Striped Swimsuit Set Black Polka Dot S","1","0.01%","2","0.02%","100%","1","100.00%","CAD25.99","1"
"B07BQWTRKY","B07DKGQ2G5","MiYang Halter Neck Maternity Tankini Tie-dye Striped Swimsuit Set Navy Polka Dot 2XL","2","0.02%","2","0.02%","100%","1","50.00%","CAD25.99","1"
"B01M9D35Z3","B00YAI9GWG","MiYang Women's Polka Dot Halter Push up Slim Tankini Padded Swimsuit","3","0.04%","3","0.03%","33%","0","0.00%","CAD0.00","0"
"B01M9D35Z3","B00YAI9MGQ","MiYang Women's Polka Dot Halter Push Up Slim Tankini Padded Swimsuit","4","0.05%","4","0.04%","100%","0","0.00%","CAD0.00","0"
"B06Y2Y9VT6","B00YAIA008","MiYang Women's Tankini Striped Vintage Swim Dress (Deep Blue X-Small)","12","0.14%","13","0.12%","38%","0","0.00%","CAD0.00","0"
"B06Y2Y9VT6","B00YAIA20G","MiYang Women's Tankini Striped Vintage Swim Dress (Pink X-Small)","4","0.05%","5","0.05%","40%","0","0.00%","CAD0.00","0"
"B01LX2T9AR","B010SPP3UI","MiYang Women's Floral Lace Beach Bikini Swimwear Cover-up, Green, X-Small(US Size 0-2)","2","0.02%","2","0.02%","0%","0","0.00%","CAD0.00","0"
"B01LX2T9AR","B010SPPNNK","MiYang Women's Floral Lace Beach Bikini Swimwear Cover-up, Red, X-Small(US Size 0-2)","1","0.01%","1","0.01%","0%","0","0.00%","CAD0.00","0"
"B01LX2T9AR","B0136OUA60","MiYang Women's Floral Lace Beach Bikini Swimwear Cover-up, Green, Medium(US Size 6-8)","3","0.04%","3","0.03%","100%","0","0.00%","CAD0.00","0"
"B01LX2T9AR","B0136OUBO6","MiYang Women's Floral Lace Beach Bikini Swimwear Cover-up, Green, Large(US Size 8-10)","2","0.02%","2","0.02%","100%","0","0.00%","CAD0.00","0"
"B01LX2T9AR","B0136OUG1E","MiYang Women's Floral Lace Beach Bikini Swimwear Cover-up Black","17","0.20%","21","0.20%","100%","0","0.00%","CAD0.00","0"
"B01LX2T9AR","B0136OUGWS","MiYang Women's Floral Lace Beach Bikini Swimwear Cover-up, Green, Small(US Size 4-6)","1","0.01%","1","0.01%","100%","0","0.00%","CAD0.00","0"
"B01LX2T9AR","B0136OUHKY","MiYang Women's Floral Lace Beach Bikini Swimwear Cover-up, Red, Small(US Size 4-6)","1","0.01%","1","0.01%","100%","0","0.00%","CAD0.00","0"
"B01LX2T9AR","B0136OUJ2K","MiYang Women's Floral Lace Beach Bikini Swimwear Cover-up, Red, Medium(US Size 6-8)","1","0.01%","1","0.01%","100%","0","0.00%","CAD0.00","0"
"B01LX2T9AR","B0136OUKGU","MiYang Women's Floral Lace Beach Bikini Swimwear Cover-up, Red, Large(US Size 8-10)","1","0.01%","1","0.01%","100%","0","0.00%","CAD0.00","0"
"B06Y2Y9VT6","B013OSTD70","MiYang Women's Tankini Striped Vintage Swim Dress (Pink Medium)","9","0.11%","10","0.09%","100%","0","0.00%","CAD0.00","0"
"B01MECWEF9","B015QZNXXO","MiYang Women's Bowknot Printing Skirt Spa Swimsuit Bathing Swimwear Sapphire Blue XS","3","0.04%","3","0.03%","33%","0","0.00%","CAD0.00","0"
"B01MECWEF9","B015QZRO7K","MiYang Women's Bowknot Printing Skirt Spa Swimsuit Bathing Swimwear Sapphire Blue M","2","0.02%","3","0.03%","100%","0","0.00%","CAD0.00","0"
"B01MECWEF9","B015QZRTVG","MiYang Women's Bowknot Printing Skirt Spa Swimsuit Bathing Swimwear Navy L","1","0.01%","1","0.01%","100%","0","0.00%","CAD0.00","0"
"B01MECWEF9","B015QZRUJM","MiYang Women's Bowknot Printing Skirt Spa Swimsuit Bathing Swimwear Navy XL","1","0.01%","1","0.01%","100%","0","0.00%","CAD0.00","0"
"B01MECWEF9","B015QZRV0U","MiYang Women's Bowknot Printing Skirt Spa Swimsuit Bathing Swimwear Black and blue XS","2","0.02%","2","0.02%","0%","0","0.00%","CAD0.00","0"
"B01MECWEF9","B015QZRW4A","MiYang Women's Bowknot Printing Skirt Spa Swimsuit Bathing Swimwear Black and blue M","3","0.04%","3","0.03%","100%","0","0.00%","CAD0.00","0"
"B01MECWEF9","B015QZRXB2","MiYang Women's Bowknot Printing Skirt Spa Swimsuit Bathing Swimwear Black and blue XL","1","0.01%","1","0.01%","100%","0","0.00%","CAD0.00","0"
"B01M256ILK","B017X47VLQ","MiYang Women's Purple Long Sleeve A-line Lace Stitching Trim Casual Dress M","1","0.01%","1","0.01%","100%","0","0.00%","CAD0.00","0"
"B01M256ILK","B017X47WOW","MiYang Women's Purple Long Sleeve A-line Lace Stitching Trim Casual Dress L","2","0.02%","2","0.02%","100%","0","0.00%","CAD0.00","0"
"B01LX2T9AR","B019O6JIL2","MiYang Women's Floral Lace Beach Bikini Swimwear Cover-up White XL (US Size 10-12)","6","0.07%","9","0.08%","100%","0","0.00%","CAD0.00","0"
"B01LX2T9AR","B019O6JK2O","MiYang Women's Floral Lace Beach Bikini Swimwear Cover-up Red XL(US Size 10-12)","6","0.07%","7","0.07%","100%","0","0.00%","CAD0.00","0"
"B01M98IB8X","B01A6BXN24","MiYang Women's One Piece Striped Slim Swim Dress Bathing Swimwear","7","0.08%","9","0.08%","11%","0","0.00%","CAD0.00","0"
"B01M98IB8X","B01A6WG1V8","MiYang Women's One Piece Striped Slim Swim Dress Bathing Swimwear","3","0.04%","3","0.03%","0%","0","0.00%","CAD0.00","0"
"B01M98IB8X","B01A6WG2QM","MiYang Women's One Piece Striped Slim Swim Dress Bathing Swimwear","5","0.06%","5","0.05%","100%","0","0.00%","CAD0.00","0"
"B01M4LAA8J","B01AXSD1OK","MiYang Women's Shaping Body Swimsuit One-Piece Swimwear Spa Suit Size tag XL/UK size S Orange","15","0.18%","17","0.16%","82%","0","0.00%","CAD0.00","0"
"B01M4LAA8J","B01AXSD3V6","MiYang Women's Shaping Body Swimsuit One-Piece Swimwear Spa Suit Size tag 2XL/UK size M,Wine Red","5","0.06%","9","0.08%","44%","0","0.00%","CAD0.00","0"
"B01M4LAA8J","B01AXSD6KO","MiYang Women's Shaping Body Swimsuit One-Piece Swimwear Spa Suit Size tag 3XL/UK size L,Wine Red","7","0.08%","7","0.07%","100%","0","0.00%","CAD0.00","0"
"B01M4LAA8J","B01AXSDADC","MiYang Women's Shaping Body Swimsuit One-Piece Swimwear Spa Suit Size tag XL/UK size S Blue and Green","13","0.15%","14","0.13%","57%","0","0.00%","CAD0.00","0"
"B01M4LAA8J","B01AXSDB2C","MiYang Women's Shaping Body Swimsuit One-Piece Swimwear Spa Suit Size tag XL/UK size S Purple","20","0.23%","26","0.24%","77%","0","0.00%","CAD0.00","0"
"B01M4LAA8J","B01AXSDDFC","MiYang Women's Shaping Body Swimsuit One-Piece Swimwear Spa Suit Size tag 3XL/UK size L,Blue and Green","15","0.18%","19","0.18%","100%","0","0.00%","CAD0.00","0"
"B01M4LAA8J","B01AXSDE2E","MiYang Women's Shaping Body Swimsuit One-Piece Swimwear Spa Suit Size tag 3XL/UK size L,Purple","7","0.08%","8","0.07%","100%","0","0.00%","CAD0.00","0"
"B01M98IB8X","B01B184VYA","MiYang Women's One Piece Striped Slim Swim Dress Bathing Swimwear","10","0.12%","11","0.10%","82%","0","0.00%","CAD0.00","0"
"B06Y2Y9VT6","B01C9TE2BW","MiYang Women's Tankini Striped Vintage Swim Dress (Pink XX-Large)","4","0.05%","5","0.05%","100%","0","0.00%","CAD0.00","0"
"B01M8KNHIV","B01DLSNA3Q","MiYang Women's Two Pieces Stripes Slim Tankini Suit Bathing Swimwear","6","0.07%","13","0.12%","62%","0","0.00%","CAD0.00","0"
"B01M8KNHIV","B01DLSNBBC","MiYang Women's Two Pieces Stripes Slim Tankini Suit Bathing Swimwear","2","0.02%","4","0.04%","100%","0","0.00%","CAD0.00","0"
"B01M8KNHIV","B01DLSNCJI","MiYang Women's Two Pieces Diamond Slim Tankini Suit Bathing Swimwear","5","0.06%","6","0.06%","33%","0","0.00%","CAD0.00","0"
"B01M8KNHIV","B01DLSNDZG","MiYang Women's Two Pieces Diamond Slim Tankini Suit Bathing Swimwear","1","0.01%","1","0.01%","100%","0","0.00%","CAD0.00","0"
"B01M8QW10I","B01DXWQ69A","MiYang Womens Cross Double Colored Padded Push Up Halter Bikini Swimsuit Purple US 12-14","1","0.01%","1","0.01%","100%","0","0.00%","CAD0.00","0"
"B01M8QW10I","B01DXWQ86Q","MiYang Womens Cross Double Colored Padded Push Up Halter Bikini Swimsuit Purple US 16-18","1","0.01%","1","0.01%","100%","0","0.00%","CAD0.00","0"
"B01M8QW10I","B01DXWQIRA","MiYang Womens Cross Double Colored Padded Push Up Halter Bikini Swimsuit Blue US 8-10","1","0.01%","1","0.01%","100%","0","0.00%","CAD0.00","0"
"B01M8QW10I","B01DXWQP50","MiYang Womens Cross Double Colored Padded Push Up Halter Bikini Swimsuit Blue US 16-18","1","0.01%","1","0.01%","100%","0","0.00%","CAD0.00","0"
"B01M9D35Z3","B01E89VL06","MiYang Women's Polka Dot Halter Push up Slim Tankini Padded Swimsuit","12","0.14%","16","0.15%","100%","0","0.00%","CAD0.00","0"
"B01M4LQZL4","B01EN7V4XM","MiYang Retro Vintage Striped One Piece Monokini Chevron Lines Swimsuit M Blue and White Stripes","1","0.01%","1","0.01%","100%","0","0.00%","CAD0.00","0"
"B01M4LQZL4","B01EN7VPBI","MiYang Retro Vintage Striped One Piece Monokini Chevron Lines Swimsuit M Black and White Stripes","3","0.04%","4","0.04%","25%","0","0.00%","CAD0.00","0"
"B01M6WKAND","B01F3E3GAI","MiYang Vintage Sailor Pin Up Swimsuit One Piece Skirtini Cover Up Swimdress S NavyBlue","4","0.05%","4","0.04%","50%","0","0.00%","CAD0.00","0"
"B01M4LAA8J","B01F4P0S7A","MiYang Women's Shaping Body Swimsuit One-Piece Swimwear Spa Suit Size tag XL/UK size S Dark Green","4","0.05%","6","0.06%","50%","0","0.00%","CAD0.00","0"
"B01M4LAA8J","B01F4P0SZ2","MiYang Women's Shaping Body Swimsuit One-Piece Swimwear Spa Suit Size tag 2XL/UK size M,Dark Green","4","0.05%","4","0.04%","100%","0","0.00%","CAD0.00","0"
"B01M4LAA8J","B01F4P0V4A","MiYang Women's Shaping Body Swimsuit One-Piece Swimwear Spa Suit Size tag XL/UK size S Bright Orange","6","0.07%","6","0.06%","33%","0","0.00%","CAD0.00","0"
"B01M4LAA8J","B01F4P0VTU","MiYang Women's Shaping Body Swimsuit One-Piece Swimwear Spa Suit Size tag 2XL/UK size M,Bright Orange","2","0.02%","2","0.02%","100%","0","0.00%","CAD0.00","0"
"B01M4NM99X","B01FXAQNIO","MiYang Women's Plus-Size Flower Printing Shaping Body One Piece Swim Dresses Swimsuit ZL 1XL","12","0.14%","13","0.12%","54%","0","0.00%","CAD0.00","0"
"B01LZNUF5M","B01G1JZ7L0","MiYang Women's Fluorescent Halter Neck One Piece Monokinis Swimsuit Bathing Suit 2XL","1","0.01%","1","0.01%","100%","0","0.00%","CAD0.00","0"
"B01M6WKAND","B01G8H8WRG","MiYang Vintage Sailor Pin Up Swimsuit One Piece Skirtini Cover Up Swimdress M BlackStriped","1","0.01%","1","0.01%","100%","0","0.00%","CAD0.00","0"
"B01M9D35Z3","B01GJ2AO9E","MiYang Women's Polka Dot Halter Push Up Slim Tankini Padded Swimsuit","4","0.05%","4","0.04%","75%","0","0.00%","CAD0.00","0"
"B01M9D35Z3","B01GJ2ARXM","MiYang Women's Polka Dot Halter Push Up Slim Tankini Padded Swimsuit","5","0.06%","7","0.07%","100%","0","0.00%","CAD0.00","0"
"B01M9D35Z3","B01GJ2BBKU","MiYang Women's Polka Dot Halter Push Up Slim Tankini Padded Swimsuit","5","0.06%","5","0.05%","100%","0","0.00%","CAD0.00","0"
"B01M4NM99X","B01HFYMW04","MiYang Women's Plus-Size Flower Printing Shaping Body One Piece Swim Dresses Swimsuit YT XL","26","0.30%","26","0.24%","23%","0","0.00%","CAD0.00","0"
"B01M98IB8X","B01IOEHIMG","MiYang Women's One Piece Striped Slim Swim Dress Bathing Swimwear","4","0.05%","7","0.07%","71%","0","0.00%","CAD0.00","0"
"B01M98IB8X","B01IOEHNK8","MiYang Women's One Piece Striped Slim Swim Dress Bathing Swimwear","11","0.13%","11","0.10%","82%","0","0.00%","CAD0.00","0"
"B01M98IB8X","B01IOEHRBS","MiYang Women's One Piece Striped Slim Swim Dress Bathing Swimwear","3","0.04%","3","0.03%","0%","0","0.00%","CAD0.00","0"
"B01M256ILK","B01KO0S9JO","MiYang Women's Purple Long Sleeve A-line Lace Stitching Trim Casual Dress XS White","2","0.02%","2","0.02%","50%","0","0.00%","CAD0.00","0"
"B01M256ILK","B01KO0SAIE","MiYang Women's Purple Long Sleeve A-line Lace Stitching Trim Casual Dress S Black","2","0.02%","2","0.02%","100%","0","0.00%","CAD0.00","0"
"B01M256ILK","B01KO0SBKQ","MiYang Women's Purple Long Sleeve A-line Lace Stitching Trim Casual Dress M White","1","0.01%","1","0.01%","100%","0","0.00%","CAD0.00","0"
"B01M256ILK","B01KO0SCQE","MiYang Women's Purple Long Sleeve A-line Lace Stitching Trim Casual Dress L White","2","0.02%","2","0.02%","100%","0","0.00%","CAD0.00","0"
"B01M256ILK","B01KO0SDZY","MiYang Women's Long Sleeve A-line Lace Stitching Trim Casual Dress XL White","1","0.01%","1","0.01%","100%","0","0.00%","CAD0.00","0"
"B01M256ILK","B01LAURKNS","MiYang Women's Long Sleeve A-line Lace Stitching Trim Casual Dress 2XL White","3","0.04%","3","0.03%","100%","0","0.00%","CAD0.00","0"
"B01LX2T9AR","B01LX2T9AR","MiYang Women's Floral Lace Beach Bikini Cover-up","49","0.57%","64","0.60%","0%","0","0.00%","CAD0.00","0"
"B01LX2T9AR","B01LY8R00U","MiYang Women's Floral Lace Beach Bikini Swimwear Cover-up Green XL (US Size 10-12)","5","0.06%","5","0.05%","100%","0","0.00%","CAD0.00","0"
"B01LX2T9AR","B01LZ7UJGB","MiYang Women's Floral Lace Beach Bikini Swimwear Cover-up White XL (US Size 10-12)","3","0.04%","4","0.04%","100%","0","0.00%","CAD0.00","0"
"B01LZNUF5M","B01LZNUF5M","MiYang Women's Fluorescent Halter Neck One Piece Monokinis Swimsuit Bathing Suit","4","0.05%","4","0.04%","0%","0","0.00%","CAD0.00","0"
"B01M256ILK","B01M22DT7M","MiYang Women's Long Sleeve A-line Lace Stitching Trim Casual Dress M Brown","1","0.01%","4","0.04%","0%","0","0.00%","CAD0.00","0"
"B01M256ILK","B01M22DUD3","MiYang Women's Long Sleeve A-line Lace Stitching Trim Casual Dress XS Brown","2","0.02%","2","0.02%","0%","0","0.00%","CAD0.00","0"
"B01M256ILK","B01M256ILK","MiYang Women's Purple Long Sleeve A-line Lace Stitching Trim Casual Dress","74","0.87%","85","0.79%","0%","0","0.00%","CAD0.00","0"
"B071V6TFBN","B01M4GEPS6","MiYang Women's Plush Winter Warm Animal Soft Cute Home Slippers dog 3839","1","0.01%","1","0.01%","100%","0","0.00%","CAD0.00","0"
"B01M4LAA8J","B01M4LAA8J","MiYang Women's Shaping Body Swimsuit One-Piece Swimwear Spa Suit","156","1.82%","222","2.07%","0%","0","0.00%","CAD0.00","0"
"B01M4LQZL4","B01M4LQZL4","MiYang Retro Vintage Striped One Piece Monokini Chevron Lines Swimsuit","68","0.80%","88","0.82%","0%","0","0.00%","CAD0.00","0"
"B01M4NM99X","B01M4NM99X","MiYang Women's Plus-Size Flower Printing Shaping Body One Piece Swim Dresses Swimsuit","515","6.02%","724","6.76%","0%","0","0.00%","CAD0.00","0"
"B01M256ILK","B01M59530X","MiYang Women's Long Sleeve A-line Lace Stitching Trim Casual Dress S Brown","3","0.04%","4","0.04%","75%","0","0.00%","CAD0.00","0"
"B01M256ILK","B01M5JCF70","MiYang Women's Long Sleeve A-line Lace Stitching Trim Casual Dress S Blue","2","0.02%","2","0.02%","100%","0","0.00%","CAD0.00","0"
"B01M6WKAND","B01M6WKAND","MiYang Vintage Sailor Pin Up Swimsuit One Piece Skirtini Cover Up Swimdress","44","0.51%","58","0.54%","0%","0","0.00%","CAD0.00","0"
"B01M8KNHIV","B01M8KNHIV","MiYang Women's Two Pieces Slim Tankini Suit Bathing Swimwear","40","0.47%","48","0.45%","0%","0","0.00%","CAD0.00","0"
"B01M8QW10I","B01M8QW10I","MiYang Womens Cross Double Colored Padded Push Up Halter Bikini Swimsuit","5","0.06%","7","0.07%","0%","0","0.00%","CAD0.00","0"
"B01M98IB8X","B01M98IB8X","MiYang Women's One Piece Striped Slim Swim Dress Bathing Swimwear","121","1.42%","147","1.37%","0%","0","0.00%","CAD0.00","0"
"B01M9D35Z3","B01M9D35Z3","MiYang Women's Polka Dot Halter Push Up Slim Tankini Padded Swimsuit","53","0.62%","70","0.65%","0%","0","0.00%","CAD0.00","0"
"B071V6TFBN","B01MA1MR40","MiYang Women's Plush Winter Warm Animal Soft Cute Home Slippers dog 3637","1","0.01%","1","0.01%","100%","0","0.00%","CAD0.00","0"
"B071V6TFBN","B01MCRF7GA","MiYang Women's Plush Winter Warm Animal Soft Cute Home Slippers dog 3940","1","0.01%","1","0.01%","100%","0","0.00%","CAD0.00","0"
"B01M256ILK","B01MDUC8WA","MiYang Women's Long Sleeve A-line Lace Stitching Trim Casual Dress L Blue","1","0.01%","1","0.01%","100%","0","0.00%","CAD0.00","0"
"B01MECWEF9","B01MECWEF9","MiYang Women's Bowknot Printing Skirt Spa Swimsuit Bathing Swimwear","53","0.62%","63","0.59%","0%","0","0.00%","CAD0.00","0"
"B01MECWEF9","B01MQJP2YK","MiYang Women's Bowknot Printing Skirt Spa Swimsuit Bathing Swimwear","1","0.01%","1","0.01%","100%","0","0.00%","CAD0.00","0"
"B01MECWEF9","B01MQJP47N","MiYang Women's Bowknot Printing Skirt Spa Swimsuit Bathing Swimwear","2","0.02%","2","0.02%","100%","0","0.00%","CAD0.00","0"
"B01M4LAA8J","B01MRL29E0","MiYang Women's Shaping Body Swimsuit One-Piece Swimwear Spa Suit Size tag 2XL/UK size M,Wine Red","6","0.07%","8","0.07%","88%","0","0.00%","CAD0.00","0"
"B06Y2Y9VT6","B01MRUFE10","MiYang Women's Tankini Striped Vintage Swim Dress","7","0.08%","7","0.07%","57%","0","0.00%","CAD0.00","0"
"B071L3J16X","B01MRY6935","MiYang Women's Long Sleeve Ruffled Casual Loose T-Shirt Dress","1","0.01%","1","0.01%","100%","0","0.00%","CAD0.00","0"
"B01M4LAA8J","B01MSMP0CD","MiYang Women's Shaping Body Swimsuit One-Piece Swimwear Spa Suit Size tag 5XL/UK size XXL(US Size OX 12W) Wine Red","3","0.04%","4","0.04%","100%","0","0.00%","CAD0.00","0"
"B01MECWEF9","B01MSMPBNA","MiYang Women's Bowknot Printing Skirt Spa Swimsuit Bathing Swimwear","2","0.02%","2","0.02%","100%","0","0.00%","CAD0.00","0"
"B01M4LAA8J","B01MTO5MA8","MiYang Women's Shaping Body Swimsuit One-Piece Swimwear Spa Suit Size tag 2XL/UK size M,Orange","6","0.07%","9","0.08%","89%","0","0.00%","CAD0.00","0"
"B01M4LAA8J","B01MXLWXE3","MiYang Women's Shaping Body Swimsuit One-Piece Swimwear Spa Suit Size tag 3XL/UK size L,Wine Red","7","0.08%","10","0.09%","60%","0","0.00%","CAD0.00","0"
"B06Y2Y9VT6","B01MYWR3ET","MiYang Women's Tankini Striped Vintage Swim Dress","3","0.04%","5","0.05%","100%","0","0.00%","CAD0.00","0"
"B01LX2T9AR","B01MZ29NSU","MiYang Women's Floral Lace Beach Bikini Cover-up Navy blue M","1","0.01%","1","0.01%","100%","0","0.00%","CAD0.00","0"
"B01M256ILK","B01MZ3GE8A","MiYang Women's Long Sleeve A-line Lace Stitching Trim Casual Dress S Army Green","1","0.01%","3","0.03%","100%","0","0.00%","CAD0.00","0"
"B01MECWEF9","B01N1FYJS2","MiYang Women's Bowknot Printing Skirt Spa Swimsuit Bathing Swimwear","1","0.01%","1","0.01%","100%","0","0.00%","CAD0.00","0"
"B01MECWEF9","B01N1FYKJE","MiYang Women's Bowknot Printing Skirt Spa Swimsuit Bathing Swimwear","1","0.01%","2","0.02%","100%","0","0.00%","CAD0.00","0"
"B01M4LAA8J","B01N41KCAA","MiYang Women's Shaping Body Swimsuit One-Piece Swimwear Spa Suit Size tag 3XL/UK size L,Orange","5","0.06%","6","0.06%","100%","0","0.00%","CAD0.00","0"
"B01MECWEF9","B01N41KO05","MiYang Women's Bowknot Printing Skirt Spa Swimsuit Bathing Swimwear","2","0.02%","2","0.02%","100%","0","0.00%","CAD0.00","0"
"B071L3J16X","B01N4EO5Q7","MiYang Women's Long Sleeve Ruffled Casual Loose T-Shirt Dress","1","0.01%","1","0.01%","100%","0","0.00%","CAD0.00","0"
"B01M4LAA8J","B01N531MXS","MiYang Women's Shaping Body Swimsuit One-Piece Swimwear Spa Suit Size tag 5XL/UK size XXL(US Size OX 12W) Orange","6","0.07%","6","0.06%","83%","0","0.00%","CAD0.00","0"
"B01MECWEF9","B01N531UTZ","MiYang Women's Bowknot Printing Skirt Spa Swimsuit Bathing Swimwear","1","0.01%","1","0.01%","100%","0","0.00%","CAD0.00","0"
"B01N563260","B01N563260","MiYang Women's Plus Size Ruffled One Piece Tankini Printed-Hem Ruffled Swim Dress 4X(US Size:16W-18W)","1","0.01%","1","0.01%","0%","0","0.00%","CAD0.00","0"
"B06Y2Y9VT6","B01N7F779G","MiYang Women's Tankini Striped Vintage Swim Dress","5","0.06%","5","0.05%","100%","0","0.00%","CAD0.00","0"
"B01M4LAA8J","B01N94WF2D","MiYang Women's Shaping Body Swimsuit One-Piece Swimwear Spa Suit Size tag 4XL/UK size XL,Orange","3","0.04%","4","0.04%","50%","0","0.00%","CAD0.00","0"
"B07DRG8FF1","B01N98BS2V","MiYang Women's Plus Size Ruffled One Piece Tankini Printed-Hem Ruffled Swim Dress","1","0.01%","1","0.01%","100%","0","0.00%","CAD0.00","0"
"B07DRG8FF1","B01N98BSX7","MiYang Women's Plus Size Ruffled One Piece Tankini Printed-Hem Ruffled Swim Dress","1","0.01%","1","0.01%","100%","0","0.00%","CAD0.00","0"
"B07DRG8FF1","B01N98BUDE","MiYang Women's Plus Size Ruffled One Piece Tankini Printed-Hem Ruffled Swim Dress","2","0.02%","2","0.02%","50%","0","0.00%","CAD0.00","0"
"B07DRG8FF1","B01N98BUDH","MiYang Women's Plus Size Ruffled One Piece Tankini Printed-Hem Ruffled Swim Dress","1","0.01%","1","0.01%","100%","0","0.00%","CAD0.00","0"
"B01LX2T9AR","B01N9K3ZDT","MiYang Women's Floral Lace Beach Bikini Cover-up Navy blue XL","3","0.04%","4","0.04%","100%","0","0.00%","CAD0.00","0"
"B01N9T4PYF","B01N9T4PYF","One Piece Swimsuit High Neck V-Neckline Mesh Ruched Monokini Swinwear","177","2.07%","247","2.31%","0%","0","0.00%","CAD0.00","0"
"B01M4LAA8J","B01NA6JJLM","MiYang Women's Shaping Body Swimsuit One-Piece Swimwear Spa Suit Size tag 2XL/UK size M,Purple","16","0.19%","18","0.17%","100%","0","0.00%","CAD0.00","0"
"B07DRG8FF1","B01NCACZ4V","MiYang Women's Plus Size Ruffled One Piece Tankini Printed-Hem Ruffled Swim Dress","1","0.01%","2","0.02%","100%","0","0.00%","CAD0.00","0"
"B07DRG8FF1","B01NCB9AGE","MiYang Women's Plus Size Ruffled One Piece Tankini Printed-Hem Ruffled Swim Dress","0","0.00%","0","0.00%","0%","0","0.00%","CAD0.00","0"
"B01M256ILK","B01NCE22FH","MiYang Women's Long Sleeve A-line Lace Stitching Trim Casual Dress L Violet","3","0.04%","3","0.03%","100%","0","0.00%","CAD0.00","0"
"B06Y2Y9VT6","B01NCIBC55","MiYang Women's Tankini Striped Vintage Swim Dress","24","0.28%","30","0.28%","100%","0","0.00%","CAD0.00","0"
"B01M6WKAND","B06W5K562C","MiYang Vintage Sailor Pin Up Swimsuit One Piece Skirtini Cover Up Swimdress US8 Black","1","0.01%","1","0.01%","100%","0","0.00%","CAD0.00","0"
"B01M6WKAND","B06W9P6JZT","MiYang Vintage Sailor Pin Up Swimsuit One Piece Skirtini Cover Up Swimdress S Black","5","0.06%","5","0.05%","60%","0","0.00%","CAD0.00","0"
"B01N9T4PYF","B06WWLKZQY","MiYang Women's One Piece Bathing Suit Tankini Swimdress Cover Up Swimsuit 2XL","20","0.23%","36","0.34%","89%","0","0.00%","CAD0.00","0"
"B01N9T4PYF","B06WWLKZRB","MiYang Women's One Piece Bathing Suit Tankini Swimdress Cover Up Swimsuit 3XL","6","0.07%","8","0.07%","75%","0","0.00%","CAD0.00","0"
"B01N9T4PYF","B06X9FQ4JW","MiYang Women's One Piece Bathing Suit Tankini Swimdress Cover Up Swimsuit XL","11","0.13%","11","0.10%","64%","0","0.00%","CAD0.00","0"
"B01N9T4PYF","B06X9G7C3F","MiYang Women's One Piece Bathing Suit Tankini Swimdress Cover up Swimsuit","7","0.08%","7","0.07%","14%","0","0.00%","CAD0.00","0"
"B01N9T4PYF","B06X9GM1TS","MiYang Women's One Piece Bathing Suit Tankini Swimdress Cover Up Swimsuit XL","13","0.15%","13","0.12%","46%","0","0.00%","CAD0.00","0"
"B01N9T4PYF","B06X9GNHK9","MiYang Women's One Piece Bathing Suit Tankini Swimdress Cover up Swimsuit","26","0.30%","28","0.26%","82%","0","0.00%","CAD0.00","0"
"B01N9T4PYF","B06X9GSQGC","MiYang Women's One Piece Bathing Suit Tankini Swimdress Cover Up Swimsuit XL","10","0.12%","12","0.11%","42%","0","0.00%","CAD0.00","0"
"B01N9T4PYF","B06X9HFW1R","MiYang Women's One Piece Bathing Suit Tankini Swimdress Cover Up Swimsuit 3XL","8","0.09%","8","0.07%","88%","0","0.00%","CAD0.00","0"
"B01N9T4PYF","B06X9L7JK2","MiYang Women's One Piece Bathing Suit Tankini Swimdress Cover up Swimsuit","7","0.08%","7","0.07%","100%","0","0.00%","CAD0.00","0"
"B01N9T4PYF","B06X9LB4RZ","MiYang Women's One Piece Bathing Suit Tankini Swimdress Cover Up Swimsuit 2XL","7","0.08%","10","0.09%","90%","0","0.00%","CAD0.00","0"
"B01N9T4PYF","B06X9LFQWR","MiYang Women's One Piece Bathing Suit Tankini Swimdress Cover Up Swimsuit XL","7","0.08%","7","0.07%","43%","0","0.00%","CAD0.00","0"
"B01N9T4PYF","B06X9M7NXQ","MiYang Women's One Piece Bathing Suit Tankini Swimdress Cover Up Swimsuit 2XL","6","0.07%","16","0.15%","88%","0","0.00%","CAD0.00","0"
"B01N9T4PYF","B06X9N1YP5","MiYang Women's One Piece Bathing Suit Tankini Swimdress Cover Up Swimsuit 2XL","2","0.02%","2","0.02%","100%","0","0.00%","CAD0.00","0"
"B01N9T4PYF","B06X9N2LD5","MiYang Women's One Piece Bathing Suit Tankini Swimdress Cover Up Swimsuit 3XL","6","0.07%","7","0.07%","71%","0","0.00%","CAD0.00","0"
"B01N9T4PYF","B06X9N8R16","MiYang Women's One Piece Bathing Suit Tankini Swimdress Cover Up Swimsuit 3XL","16","0.19%","17","0.16%","100%","0","0.00%","CAD0.00","0"
"B01N9T4PYF","B06X9NBJ2G","MiYang Women's One Piece Bathing Suit Tankini Swimdress Cover Up Swimsuit 3XL","9","0.11%","12","0.11%","50%","0","0.00%","CAD0.00","0"
"B01N9T4PYF","B06X9PDD7C","MiYang Women's One Piece Bathing Suit Tankini Swimdress Cover up Swimsuit","10","0.12%","10","0.09%","100%","0","0.00%","CAD0.00","0"
"B01N9T4PYF","B06X9PYNJ7","MiYang Women's One Piece Bathing Suit Tankini Swimdress Cover up Swimsuit","5","0.06%","5","0.05%","80%","0","0.00%","CAD0.00","0"
"B01N9T4PYF","B06X9R23M1","MiYang Women's One Piece Bathing Suit Tankini Swimdress Cover Up Swimsuit 3XL","4","0.05%","5","0.05%","100%","0","0.00%","CAD0.00","0"
"B06XKBP27V","B06XD7Y3CX","MiYang Women's Luxurious Pretty Double Straps Elegant Two Piece Bikini Set","2","0.02%","2","0.02%","100%","0","0.00%","CAD0.00","0"
"B06XKBP27V","B06XD876BR","MiYang Women's Luxurious Pretty Double Straps Elegant Two Piece Bikini Set","14","0.16%","15","0.14%","100%","0","0.00%","CAD0.00","0"
"B06XDKF3YC","B06XDKF3YC","MiYang Women's Plus Size Ruffled One Piece Tankini Printed-Hem Ruffled Swim Dress M(US Size:6-8)","1","0.01%","1","0.01%","0%","0","0.00%","CAD0.00","0"
"B06XKBP27V","B06XKBP27V","MiYang Women's Luxurious Pretty Double Straps Elegant Two Piece Bikini Set","1","0.01%","1","0.01%","0%","0","0.00%","CAD0.00","0"
"B06XKBP27V","B06XN5QMXT","MiYang Women's Luxurious Pretty Double Straps Elegant Two Piece Bikini Set","1","0.01%","1","0.01%","100%","0","0.00%","CAD0.00","0"
"B06ZZBGGH7","B06XT17PTJ","MiYang Floral Print Bandeau Blouson Adjustable Mio One Piece","1","0.01%","2","0.02%","100%","0","0.00%","CAD0.00","0"
"B071D8QVJZ","B06XT1G5ZL","MiYang Vintage Starry Sky Convertible Black One Piece Swimsuit","1","0.01%","1","0.01%","100%","0","0.00%","CAD0.00","0"
"B071D8QVJZ","B06XT2533W","MiYang Vintage Starry Sky Convertible Black One Piece Swimsuit","2","0.02%","2","0.02%","100%","0","0.00%","CAD0.00","0"
"B071D8QVJZ","B06XT2KLFS","MiYang Vintage Starry Sky Convertible Black One Piece Swimsuit","2","0.02%","4","0.04%","100%","0","0.00%","CAD0.00","0"
"B06ZZBGGH7","B06XT2TLHG","MiYang Floral Print Bandeau Blouson Adjustable Mio One Piece","1","0.01%","1","0.01%","100%","0","0.00%","CAD0.00","0"
"B06XXDZVHV","B06XWTXLNW","MiYang Women's Sexy Crewneck One Piece Beachwear Bikini Monokini Swimsuit Black M","3","0.04%","3","0.03%","100%","0","0.00%","CAD0.00","0"
"B06XX186BB","B06XWWR5DN","MiYang Women's Beach Pant Bikini Bottom Adjustable Tie Boy Short","4","0.05%","5","0.05%","100%","0","0.00%","CAD0.00","0"
"B06XX186BB","B06XWWSHKS","MiYang Women's Beach Pant Bikini Bottom Adjustable Tie Boy Short","7","0.08%","8","0.07%","100%","0","0.00%","CAD0.00","0"
"B06XX186BB","B06XX186BB","MiYang Women's Beach Pant Bikini Bottom Adjustable Tie Boy Short","667","7.80%","854","7.97%","3%","0","0.00%","CAD0.00","0"
"B06XX186BB","B06XXBRLF4","MiYang Women's Beach Pant Bikini Bottom Adjustable Tie Boy Short","5","0.06%","5","0.05%","80%","0","0.00%","CAD0.00","0"
"B06XX186BB","B06XXBTJRZ","MiYang Women's Beach Pant Bikini Bottom Adjustable Tie Boy Short","13","0.15%","14","0.13%","100%","0","0.00%","CAD0.00","0"
"B06XX186BB","B06XXCGVVB","MiYang Women's Beach Pant Bikini Bottom Adjustable Tie Boy Short","6","0.07%","6","0.06%","33%","0","0.00%","CAD0.00","0"
"B06XX186BB","B06XXCMLCL","MiYang Women's Beach Pant Bikini Bottom Adjustable Tie Boy Short","4","0.05%","5","0.05%","100%","0","0.00%","CAD0.00","0"
"B06XX186BB","B06XXD8SKQ","MiYang Women's Beach Pant Bikini Bottom Adjustable Tie Boy Short","10","0.12%","10","0.09%","100%","0","0.00%","CAD0.00","0"
"B06XX186BB","B06XXDBZVB","MiYang Women's Beach Pant Bikini Bottom Adjustable Tie Boy Short","5","0.06%","5","0.05%","100%","0","0.00%","CAD0.00","0"
"B06XXDZVHV","B06XXDZVHV","MiYang Women's Sexy Crewneck One Piece Beachwear Bikini Monokini Swimsuit","39","0.46%","47","0.44%","6%","0","0.00%","CAD0.00","0"
"B06XX186BB","B06XXF1ZTL","MiYang Women's Beach Pant Bikini Bottom Adjustable Tie Boy Short","2","0.02%","3","0.03%","33%","0","0.00%","CAD0.00","0"
"B06XX186BB","B06XXF5DLN","MiYang Women's Beach Pant Bikini Bottom Adjustable Tie Boy Short","5","0.06%","6","0.06%","83%","0","0.00%","CAD0.00","0"
"B06XX186BB","B06XXF8QVK","MiYang Women's Beach Pant Bikini Bottom Adjustable Tie Boy Short","4","0.05%","4","0.04%","25%","0","0.00%","CAD0.00","0"
"B06XX186BB","B06XXFPXMZ","MiYang Women's Beach Pant Bikini Bottom Adjustable Tie Boy Short","8","0.09%","9","0.08%","100%","0","0.00%","CAD0.00","0"
"B06XX186BB","B06XXFTJ3Y","MiYang Women's Beach Pant Bikini Bottom Adjustable Tie Boy Short","16","0.19%","17","0.16%","94%","0","0.00%","CAD0.00","0"
"B06XX186BB","B06XXFXC2B","MiYang Women's Beach Pant Bikini Bottom Adjustable Tie Boy Short","13","0.15%","13","0.12%","100%","0","0.00%","CAD0.00","0"
"B06XX186BB","B06XXGJKW1","MiYang Women's Beach Pant Bikini Bottom Adjustable Tie Boy Short","27","0.32%","34","0.32%","88%","0","0.00%","CAD0.00","0"
"B06XXH8WR9","B06XXZZXQX","MiYang Women's Padded One Piece Vintage Printing Mesh Bikini Swimsuit M","10","0.12%","12","0.11%","100%","0","0.00%","CAD0.00","0"
"B06Y2Y9VT6","B06XYPJS47","MiYang Women's Tankini Striped Vintage Swim Dress","4","0.05%","5","0.05%","100%","0","0.00%","CAD0.00","0"
"B06XZ4L8R8","B06XYSFCJV","MiYang Women's V-Neck Hot Drilling Wrinkle Long Beach Dress","1","0.01%","1","0.01%","100%","0","0.00%","CAD0.00","0"
"B06XZ4L8R8","B06XYZQ5HH","MiYang Women's V-Neck Hot Drilling Wrinkle Long Beach Dress","1","0.01%","1","0.01%","100%","0","0.00%","CAD0.00","0"
"B06XZ4L8R8","B06XZ3CHRY","MiYang Women's V-Neck Hot Drilling Wrinkle Long Beach Dress","1","0.01%","2","0.02%","100%","0","0.00%","CAD0.00","0"
"B06XZ4L8R8","B06XZ48M2X","MiYang Women's V-Neck Hot Drilling Wrinkle Long Beach Dress","1","0.01%","1","0.01%","100%","0","0.00%","CAD0.00","0"
"B06XZ6R5CR","B06XZ5SZS5","MiYang Women's Long Sleeve Casual Loose T-Shirt Dress Army Green S","4","0.05%","4","0.04%","100%","0","0.00%","CAD0.00","0"
"B06Y2Y9VT6","B06Y2Y9VT6","MiYang Women's Tankini Striped Vintage Swim Dress","159","1.86%","185","1.73%","0%","0","0.00%","CAD0.00","0"
"B072597FFH","B06ZXST69F","MiYang Womens Chiffon Swimwear Cover-ups Bikini Swim Beach Wear Cover Up","2","0.02%","3","0.03%","100%","0","0.00%","CAD0.00","0"
"B072597FFH","B06ZYNCM56","MiYang Womens Chiffon Swimwear Cover-ups Bikini Swim Beach Wear Cover Up","2","0.02%","2","0.02%","100%","0","0.00%","CAD0.00","0"
"B06ZZBGGH7","B06ZZBGGH7","MiYang Floral Print Bandeau Blouson Adjustable Mio One Piece","3","0.04%","3","0.03%","0%","0","0.00%","CAD0.00","0"
"B072597FFH","B06ZZSRM9K","MiYang Womens Chiffon Swimwear Cover-ups Bikini Swim Beach Wear Cover Up","4","0.05%","5","0.05%","100%","0","0.00%","CAD0.00","0"
"B06Y2Y9VT6","B0711R9KHN","MiYang Women's Tankini Striped Vintage Swim Dress (Black XX-Large)","7","0.08%","8","0.07%","100%","0","0.00%","CAD0.00","0"
"B071D8QVJZ","B071D8QVJZ","MiYang Vintage Starry Sky Convertible Black One Piece Swimsuit","1","0.01%","1","0.01%","0%","0","0.00%","CAD0.00","0"
"B071L3J16X","B071L3J16X","MiYang Women's Long Sleeve Ruffled Casual Loose T-Shirt Dress","7","0.08%","10","0.09%","0%","0","0.00%","CAD0.00","0"
"B01M4LQZL4","B071L8ZJQY","MiYang Retro Vintage Striped One Piece Monokini Chevron Lines Swimsuit L Blue and White Stripes","2","0.02%","2","0.02%","100%","0","0.00%","CAD0.00","0"
"B071L9MYSN","B071L9MYSN","MiYang Women's Pineapple Printing Halter Padding Bikini Set","6","0.07%","6","0.06%","0%","0","0.00%","CAD0.00","0"
"B071R725TZ","B071R725TZ","MiYang Womens Deep V-neck Cross-Back High Cut One Piece Monokini Swimsuit","1","0.01%","1","0.01%","0%","0","0.00%","CAD0.00","0"
"B071V6TFBN","B071V6TFBN","MiYang Women's Plush Winter Warm Animal Soft Cute Home Slippers","4","0.05%","4","0.04%","0%","0","0.00%","CAD0.00","0"
"B071L9MYSN","B07285NKX8","MiYang Women's Pineapple Printing Halter Padding Bikini Set","2","0.02%","2","0.02%","100%","0","0.00%","CAD0.00","0"
"B0756WDC8R","B0756WDC8R","MiYang Women's Lace Up Front V Neck Long Sleeve Knit Sweater Dress Top","4","0.05%","6","0.06%","0%","0","0.00%","CAD0.00","0"
"B0756WDC8R","B0756YM6MX","MiYang Women's Lace Up Front V Neck Long Sleeve Knit Sweater Dress Top","1","0.01%","1","0.01%","0%","0","0.00%","CAD0.00","0"
"B07694KFC6","B0761PH68H","MiYang Women's Long Sleeve Striped Floral Tunic T-shirt Dress A-line Trim Casual Dress Blue Striped M","2","0.02%","3","0.03%","100%","0","0.00%","CAD0.00","0"
"B078X7DQS2","B078X7DQS2","MiYang Womens One Piece Floral Lace Swimwear Printed Multi-rope Harness Bathing Suit","191","2.23%","218","2.04%","4%","0","0.00%","CAD0.00","0"
"B078X8RHLV","B078X81YSK","MiYang Women's High Neck Green Leaves Print Lace Up One Piece Monokini Swimsuit","1","0.01%","1","0.01%","0%","0","0.00%","CAD0.00","0"
"B078X8RHLV","B078X846BY","MiYang Women's High Neck Green Leaves Print Lace Up One Piece Monokini Swimsuit","1","0.01%","1","0.01%","100%","0","0.00%","CAD0.00","0"
"B078X8KW4X","B078X8KW4X","MiYang Women's Off the Shoulder Frill Geometric Striped One Piece Bathing Suit Bikini","87","1.02%","102","0.95%","0%","0","0.00%","CAD0.00","0"
"B078X8RHLV","B078X8RHLV","MiYang Women's High Neck Green Leaves Print Lace Up One Piece Monokini Swimsuit","3","0.04%","3","0.03%","0%","0","0.00%","CAD0.00","0"
"B078X9JDLH","B078X9JDLH","MiYang Women's American Open-Back Red White Blue Patriotic Tankini","1","0.01%","1","0.01%","0%","0","0.00%","CAD0.00","0"
"B078XBZ5CK","B078X9SCBX","MiYang Womens Plus Size Back Polka Dot Classic 2 Piece Plus Size Tankini","1","0.01%","1","0.01%","100%","0","0.00%","CAD0.00","0"
"B078XBZ5CK","B078XBZ5CK","MiYang Womens Plus Size Back Polka Dot Classic 2 Pc Plus Size Tankini","21","0.25%","24","0.22%","4%","0","0.00%","CAD0.00","0"
"B078XBZCQP","B078XBZCQP","MiYang Womens Totem Blouson 2 Piece Plus Size Tankini","19","0.22%","26","0.24%","4%","0","0.00%","CAD0.00","0"
"B078Z64ZP4","B078Z58KKV","MiYang Women's Sexy Bandage Bikini Set Push-up Padded 2 Piece Swimsuit Swimwear","3","0.04%","3","0.03%","100%","0","0.00%","CAD0.00","0"
"B078Z64ZP4","B078Z63C29","MiYang Women's Sexy Bandage Bikini Set Push-up Padded 2 Piece Swimsuit Swimwear","3","0.04%","3","0.03%","100%","0","0.00%","CAD0.00","0"
"B078Z64ZP4","B078Z64ZP4","MiYang Women's Sexy Bandage Bikini Set Push-up Padded 2 Piece Swimsuit Swimwear","256","2.99%","303","2.83%","4%","0","0.00%","CAD0.00","0"
"B078Z64ZP4","B078Z6HRV2","MiYang Women's Sexy Bandage Bikini Set Push-up Padded 2 Piece Swimsuit Swimwear","18","0.21%","24","0.22%","58%","0","0.00%","CAD0.00","0"
"B078Z64ZP4","B078Z6JW2L","MiYang Women's Sexy Bandage Bikini Set Push-up Padded 2 Piece Swimsuit Swimwear","9","0.11%","12","0.11%","75%","0","0.00%","CAD0.00","0"
"B079213PBY","B0791VZF27","MiYang 50s Elegant Inspired Retro Vintage One Piece Pin Up Monokinis Swimsuit","3","0.04%","3","0.03%","100%","0","0.00%","CAD0.00","0"
"B079213PBY","B0791Y9KTC","MiYang 50s Elegant Inspired Retro Vintage One Piece Pin Up Monokinis Swimsuit","8","0.09%","8","0.07%","25%","0","0.00%","CAD0.00","0"
"B079213PBY","B079213PBY","MiYang 50s Elegant Inspired Retro Vintage One Piece Pin up Monokinis Swimsuit","40","0.47%","48","0.45%","0%","0","0.00%","CAD0.00","0"
"B079213PBY","B07922CC2M","MiYang 50s Elegant Inspired Retro Vintage One Piece Pin Up Monokinis Swimsuit","5","0.06%","5","0.05%","40%","0","0.00%","CAD0.00","0"
"B07922N8MH","B07922N8MH","MiYang Backless One Piece Monokini Halter Pad Bikini Swimsuits Swimwear","25","0.29%","28","0.26%","0%","0","0.00%","CAD0.00","0"
"B079213PBY","B07923HVLY","MiYang 50s Elegant Inspired Retro Vintage One Piece Pin Up Monokinis Swimsuit","5","0.06%","7","0.07%","71%","0","0.00%","CAD0.00","0"
"B0795Q4525","B0795Q4525","Women's Striped Floral Print Casual T-shirt Dress Maxi Dress","9","0.11%","11","0.10%","0%","0","0.00%","CAD0.00","0"
"B0798N7RKQ","B0798N7RKQ","MiYang Men's Long Sleeve Stand Collar Polo Shirt Top","1","0.01%","2","0.02%","0%","0","0.00%","CAD0.00","0"
"B0798N7RKQ","B0798PJ2W3","MiYang Men's Long Sleeve Stand Collar Polo Shirt Top Grey XL","1","0.01%","2","0.02%","100%","0","0.00%","CAD0.00","0"
"B0798N7RKQ","B0798QDDBQ","MiYang Men's Long Sleeve Stand Collar Polo Shirt Top Black XXL","1","0.01%","1","0.01%","100%","0","0.00%","CAD0.00","0"
"B0799L4SQK","B0799KXWMN","MiYang Women Maternity Pregnancy Halter Black Floral Tankini Swimsuit","19","0.22%","28","0.26%","100%","0","0.00%","CAD0.00","0"
"B0799L4SQK","B0799L4SQK","MiYang Women Maternity Pregnancy Halter Black Floral Tankini Swimsuit","32","0.37%","42","0.39%","2%","0","0.00%","CAD0.00","0"
"B079BKR2MB","B079BC8T57","Men's Long Sleeve Plaid Flannel Button Down Casual Shirts Red S","2","0.02%","2","0.02%","100%","0","0.00%","CAD0.00","0"
"B079BKR2MB","B079BKR2MB","Men's Long Sleeve Plaid Flannel Button Down Casual Shirts","1","0.01%","1","0.01%","100%","0","0.00%","CAD0.00","0"
"B079BKR2MB","B079BP4MD1","Men's Long Sleeve Plaid Flannel Button Down Casual Shirts Red XL","4","0.05%","5","0.05%","100%","0","0.00%","CAD0.00","0"
"B079NTDB1K","B079NRPFMR","Women's Flounced Striped High Waited Swimsuit Two Piece Bikini Set Purple S","30","0.35%","34","0.32%","100%","0","0.00%","CAD0.00","0"
"B079NTDB1K","B079NTDB1K","Women's Falbala Halter Striped High Waited Swimsuit Two Piece Bikini Set","200","2.34%","233","2.18%","0%","0","0.00%","CAD0.00","0"
"B079NTDB1K","B079NWXH51","Women's Flounced Striped High Waited Swimsuit Two Piece Bikini Set Black XS","55","0.64%","65","0.61%","82%","0","0.00%","CAD0.00","0"
"B079PR2MFS","B079PR2MFS","Women's Plus Size Halter High Waisted Geometry Print Bikini Set","32","0.37%","36","0.34%","6%","0","0.00%","CAD0.00","0"
"B07B3T238X","B07B3T238X","MiYang Halter Neck Wrap One Piece Padded Tankini Swimsuit Monokini Swimwear for Women","52","0.61%","57","0.53%","4%","0","0.00%","CAD0.00","0"
"B07B8CT4HG","B07B45SPRL","MiYang Women's Pom Pom Trim Kaftan Chiffon Swimwear Beach Cover Up US Size 0-10","10","0.12%","12","0.11%","100%","0","0.00%","CAD0.00","0"
"B07B8CT4HG","B07B479ZYX","MiYang Women's Pom Pom Trim Kaftan Chiffon Swimwear Beach Cover Up US Size 0-10","9","0.11%","11","0.10%","100%","0","0.00%","CAD0.00","0"
"B07BRH7489","B07B7KFRHB","Womens High Waisted Bikini Set Flounce Top Two Piece Polka Dot Swimsuit","1","0.01%","1","0.01%","0%","0","0.00%","CAD0.00","0"
"B078Z64ZP4","B07BBJVB43","MiYang Women's Two Piece Off Shoulder Swimsuits High Waisted Bikini Set","9","0.11%","9","0.08%","100%","0","0.00%","CAD0.00","0"
"B078Z64ZP4","B07BBKF6QX","MiYang Women's Two Piece Off Shoulder Swimsuits High Waisted Bikini Set","4","0.05%","6","0.06%","83%","0","0.00%","CAD0.00","0"
"B078Z64ZP4","B07BBLBZJQ","MiYang Women's Two Piece Off Shoulder Swimsuits High Waisted Bikini Set","15","0.18%","22","0.21%","95%","0","0.00%","CAD0.00","0"
"B078Z64ZP4","B07BBM63FG","MiYang Women's Two Piece Off Shoulder Swimsuits High Waisted Bikini Set","3","0.04%","3","0.03%","100%","0","0.00%","CAD0.00","0"
"B078Z64ZP4","B07BBNS89B","MiYang Women's Two Piece Off Shoulder Swimsuits High Waisted Bikini Set","10","0.12%","10","0.09%","100%","0","0.00%","CAD0.00","0"
"B078Z64ZP4","B07BBP8RZC","MiYang Women's Two Piece Off Shoulder Swimsuits High Waisted Bikini Set","8","0.09%","11","0.10%","73%","0","0.00%","CAD0.00","0"
"B078Z64ZP4","B07BBPMYWR","MiYang Women's Two Piece Off Shoulder Swimsuits High Waisted Bikini Set","16","0.19%","19","0.18%","68%","0","0.00%","CAD0.00","0"
"B07BBJQL28","B07BBPQYN5","One Piece Floral Pin Up Backless Triangle Monokini Swimsuits","13","0.15%","16","0.15%","100%","0","0.00%","CAD0.00","0"
"B07CSJTXGW","B07BC4YFCB","MiYang Women's Halter High Waisted Cut Out One Piece Swimsuit Backless Bathing Suit Black M","4","0.05%","5","0.05%","80%","0","0.00%","CAD0.00","0"
"B0799KL7Q1","B07BC7V9HL","MiYang Women's Plus Size V-neck Gradient Lace Beach Dress","14","0.16%","25","0.23%","100%","0","0.00%","CAD0.00","0"
"B07CSJTXGW","B07BCCGMPF","MiYang Women's Halter High Waisted Cut Out One Piece Swimsuit Backless Bathing Suit Black S","6","0.07%","6","0.06%","100%","0","0.00%","CAD0.00","0"
"B07BS9RSLR","B07BDBTQQQ","MiYang Padded Push up Brazilian Thong Bikini Sets 2018 Swimsuits for Women White XL","20","0.23%","23","0.21%","91%","0","0.00%","CAD0.00","0"
"B07BS9RSLR","B07BDCZJK4","MiYang Padded Push up Brazilian Thong Bikini Sets 2018 Swimsuits for Women Black XXL","4","0.05%","5","0.05%","100%","0","0.00%","CAD0.00","0"
"B07BS9RSLR","B07BDFZTJY","MiYang Padded Push up Brazilian Thong Bikini Sets 2018 Swimsuits for Women Red XXL","3","0.04%","3","0.03%","100%","0","0.00%","CAD0.00","0"
"B07BS9RSLR","B07BDG9CZ9","MiYang Padded Push up Brazilian Thong Bikini Sets 2018 Swimsuits for Women Yellow XXL","1","0.01%","1","0.01%","100%","0","0.00%","CAD0.00","0"
"B07BS9RSLR","B07BDGSQ6W","MiYang Padded Push up Brazilian Thong Bikini Sets 2018 Swimsuits for Women Red XL","21","0.25%","25","0.23%","100%","0","0.00%","CAD0.00","0"
"B07BS9RSLR","B07BDHFQFR","MiYang Padded Push up Brazilian Thong Bikini Sets 2018 Swimsuits for Women White XXL","4","0.05%","4","0.04%","100%","0","0.00%","CAD0.00","0"
"B07BS9RSLR","B07BDHNDG1","MiYang Padded Push up Brazilian Thong Bikini Sets 2018 Swimsuits for Women Orange L","8","0.09%","8","0.07%","100%","0","0.00%","CAD0.00","0"
"B07BS9RSLR","B07BDJKGSS","MiYang Padded Push up Brazilian Thong Bikini Sets 2018 Swimsuits for Women Yellow M","22","0.26%","33","0.31%","85%","0","0.00%","CAD0.00","0"
"B07BS9RSLR","B07BDK27LB","MiYang Padded Push up Brazilian Thong Bikini Sets 2018 Swimsuits for Women Orange XXL","5","0.06%","5","0.05%","100%","0","0.00%","CAD0.00","0"
"B07BGWRKWV","B07BGQR5N4","High-Waisted Strappy Side Casual Bikini Bottoms Purple US 10","1","0.01%","1","0.01%","100%","0","0.00%","CAD0.00","0"
"B07BGWRKWV","B07BGR41XW","High-Waisted Strappy Side Floral Casual Bikini Bottoms Butterfly US 14","1","0.01%","1","0.01%","100%","0","0.00%","CAD0.00","0"
"B07BGWRKWV","B07BGRSDDY","High-Waisted Strappy Side Abstract Print Casual Bikini Bottoms Butterfly US 6","2","0.02%","2","0.02%","100%","0","0.00%","CAD0.00","0"
"B07BGWRKWV","B07BGT4B2J","High-Waisted Strappy Side Casual Bikini Bottoms White US 10","5","0.06%","7","0.07%","71%","0","0.00%","CAD0.00","0"
"B07BGWRKWV","B07BGT52BQ","High-Waisted Strappy Side Casual Bikini Bottoms Red US 14","4","0.05%","4","0.04%","100%","0","0.00%","CAD0.00","0"
"B07BGWRKWV","B07BGTD4GX","High-Waisted Strappy Side Casual Bikini Bottoms Sky Blue US 6","1","0.01%","2","0.02%","100%","0","0.00%","CAD0.00","0"
"B07BGWRKWV","B07BGTD779","High-Waisted Strappy Side Casual Bikini Bottoms Sky Blue US 8","2","0.02%","2","0.02%","100%","0","0.00%","CAD0.00","0"
"B07BGWRKWV","B07BGTVJV5","High-Waisted Strappy Side Abstract Print Casual Bikini Bottoms Butterfly US 8","1","0.01%","1","0.01%","100%","0","0.00%","CAD0.00","0"
"B07BGWRKWV","B07BGV9YBD","High-Waisted Strappy Side Casual Bikini Bottoms Black US 10","5","0.06%","7","0.07%","57%","0","0.00%","CAD0.00","0"
"B07BGWRKWV","B07BGVBYLV","High-Waisted Strappy Side Casual Bikini Bottoms Red US 8","5","0.06%","9","0.08%","78%","0","0.00%","CAD0.00","0"
"B07BGWRKWV","B07BGVR9N5","High-Waisted Strappy Side Casual Bikini Bottoms Red US 12","3","0.04%","3","0.03%","100%","0","0.00%","CAD0.00","0"
"B07BGWRKWV","B07BGWRKWV","High Waisted Bikini Bottoms Strappy Brief Tankini Swimsuit","24","0.28%","31","0.29%","0%","0","0.00%","CAD0.00","0"
"B07BGWRKWV","B07BGX8YX3","High-Waisted Strappy Side Abstract Print Casual Bikini Bottoms Butterfly US 14","1","0.01%","1","0.01%","100%","0","0.00%","CAD0.00","0"
"B07BGWRKWV","B07BGXBD9M","High-Waisted Strappy Side Casual Bikini Bottoms White US 14","2","0.02%","2","0.02%","100%","0","0.00%","CAD0.00","0"
"B07BGWRKWV","B07BGY76L5","High-Waisted Strappy Side Floral Casual Bikini Bottoms Butterfly US 6","1","0.01%","1","0.01%","100%","0","0.00%","CAD0.00","0"
"B07BGWRKWV","B07BGYKWPD","High-Waisted Strappy Side Casual Bikini Bottoms Purple US 14","1","0.01%","1","0.01%","100%","0","0.00%","CAD0.00","0"
"B01M4NM99X","B07BHJBZHH","MiYang Women's Plus-Size Floral Shaping Body One Piece Swim Dresses Swimsuit M","15","0.18%","16","0.15%","19%","0","0.00%","CAD0.00","0"
"B01M4NM99X","B07BHJDC8B","Women's Plus-Size Flower Printing Shaping Body One Piece Swim Dresses Navy Blue S","4","0.05%","6","0.06%","33%","0","0.00%","CAD0.00","0"
"B01M4NM99X","B07BHJMB51","MiYang Women's Plus-Size Shaping Body One Piece Swim Dresses Swimsuit Leaves Print L","15","0.18%","16","0.15%","100%","0","0.00%","CAD0.00","0"
"B01M4NM99X","B07BHJT4BC","MiYang Women's Plus-Size Shaping Body One Piece Swim Dresses Swimsuit Leaves Print 2XL","17","0.20%","21","0.20%","100%","0","0.00%","CAD0.00","0"
"B01M4NM99X","B07BHLNS3H","MiYang Women's Plus-Size Floral Shaping Body One Piece Swim Dresses Swimsuit L","14","0.16%","17","0.16%","100%","0","0.00%","CAD0.00","0"
"B078XBZ5CK","B07BLQHPLB","MiYang Womens Plus Size Back Polka Dot Classic 2 Pc Plus Size Tankini","5","0.06%","6","0.06%","33%","0","0.00%","CAD0.00","0"
"B07DQLCSB7","B07BMVNKNW","Bikini Sets Sport Swimsuit Low Scoop Crop Top High Waisted High Cut Cheeky Bottom","10","0.12%","13","0.12%","54%","0","0.00%","CAD0.00","0"
"B07BQRKF36","B07BQNBH9X","MiYang Halter Maternity Tankini Floral Pregnancy Triangle Swimsuit Pink 2X-Large","15","0.18%","20","0.19%","100%","0","0.00%","CAD0.00","0"
"B07BQWTRKY","B07BQR9LPP","Halter Maternity Tankini Tie-dye Striped Swimsuit Two Piece Set Navy Medium","1","0.01%","3","0.03%","100%","0","0.00%","CAD0.00","0"
"B07BQRKF36","B07BQRKF36","MiYang Halter Maternity Tankini Floral Pregnancy Swimsuit","3","0.04%","3","0.03%","33%","0","0.00%","CAD0.00","0"
"B07BQWTRKY","B07BQS7TPW","Halter Maternity Tankini Tie-dye Striped Swimsuit Two Piece Set Navy Small","2","0.02%","2","0.02%","50%","0","0.00%","CAD0.00","0"
"B07BQWTRKY","B07BQT2Q5Z","Halter Maternity Tankini Tie-dye Striped Swimsuit Two Piece Set Navy Large","1","0.01%","1","0.01%","0%","0","0.00%","CAD0.00","0"
"B07BQWTRKY","B07BQWTRKY","MiYang Halter Neck Maternity Tankini Tie-dye Striped Swimsuit Set","21","0.25%","24","0.22%","4%","0","0.00%","CAD0.00","0"
"B07BQWTRKY","B07BR22GX5","Halter Maternity Tankini Tie-dye Striped Swimsuit Two Piece Set Navy Plus Size","1","0.01%","1","0.01%","100%","0","0.00%","CAD0.00","0"
"B07BRH7489","B07BRH7489","Womens High Waisted Bikini Set Flounce Top Two Piece Swimsuit","18","0.21%","20","0.19%","0%","0","0.00%","CAD0.00","0"
"B0795Q4525","B07BS7KFZH","MiYang Women's Fashion Striped Long Sleeves Floral A-line Casual T-shirt Dress","1","0.01%","1","0.01%","100%","0","0.00%","CAD0.00","0"
"B07BS9RSLR","B07BS9RSLR","MiYang Padded Push up Brazilian Thong Bikini Sets Two Piece Swimsuit for Women","148","1.73%","178","1.66%","3%","0","0.00%","CAD0.00","0"
"B07CNJB855","B07C17GQ3H","Push up Polka Dot Bikini Sets Two Pieces Tie Front Swimsuit","1","0.01%","2","0.02%","100%","0","0.00%","CAD0.00","0"
"B07CNJB855","B07C1KXY7B","Push up Polka Dot Bikini Sets Two Pieces Tie Front Swimsuit","2","0.02%","2","0.02%","100%","0","0.00%","CAD0.00","0"
"B01N9T4PYF","B07C1PCBP1","MiYang Black One Piece Swimsuit High Neck V-Neckline Mesh Ruched Monokini?Swinwear XL US (16)","11","0.13%","17","0.16%","100%","0","0.00%","CAD0.00","0"
"B07CSJTXGW","B07C1Z714J","MiYang Women's Halter High Waisted Cut Out One Piece Swimsuit Backless Bathing Suit Red M","3","0.04%","3","0.03%","100%","0","0.00%","CAD0.00","0"
"B07CSJTXGW","B07C21SNB5","MiYang Women's Halter High Waisted Cut Out One Piece Swimsuit Backless Bathing Suit Patchwork Blue S","5","0.06%","5","0.05%","100%","0","0.00%","CAD0.00","0"
"B01N9T4PYF","B07C21WMP2","MiYang Navy Blue One Piece Swimsuit High Neck V-Neckline Mesh Ruched Monokini?Swinwear S US(4-6)","18","0.21%","19","0.18%","68%","0","0.00%","CAD0.00","0"
"B07CSJTXGW","B07C21Y9V2","MiYang Women's Halter High Waisted Cut Out One Piece Swimsuit Backless Bathing Suit Patchwork Blue L","1","0.01%","1","0.01%","100%","0","0.00%","CAD0.00","0"
"B07CSJTXGW","B07C2219CP","MiYang Women's Halter High Waisted Cut Out One Piece Swimsuit Backless Bathing Suit Red L","1","0.01%","1","0.01%","100%","0","0.00%","CAD0.00","0"
"B01N9T4PYF","B07C22FDG6","MiYang Black One Piece Swimsuit High Neck V-Neckline Mesh Ruched Monokini?Swinwear S US(4-6)","16","0.19%","17","0.16%","53%","0","0.00%","CAD0.00","0"
"B07CSJTXGW","B07C22KGZB","MiYang Women's Halter High Waisted Cut Out One Piece Swimsuit Backless Bathing Suit Patchwork Blue M","0","0.00%","0","0.00%","0%","0","0.00%","CAD0.00","0"
"B07CSJTXGW","B07C259PRQ","MiYang Women's Halter High Waisted Cut Out One Piece Swimsuit Backless Bathing Suit Patchwork Blue XL","2","0.02%","2","0.02%","100%","0","0.00%","CAD0.00","0"
"B01N9T4PYF","B07C25Q9T4","MiYang Navy Blue One Piece Swimsuit High Neck V-Neckline Mesh Ruched Monokini?Swinwear 2XL US(14W)","8","0.09%","8","0.07%","100%","0","0.00%","CAD0.00","0"
"B07B3T238X","B07C3FN21C","MiYang Halter Neck Wrap One Piece Padded Tankini Swimsuit Monokini Swimwear for Women","1","0.01%","1","0.01%","100%","0","0.00%","CAD0.00","0"
"B07B3T238X","B07C3FN7P9","MiYang Halter Neck Wrap One Piece Padded Tankini Swimsuit Monokini Swimwear for Women","4","0.05%","4","0.04%","75%","0","0.00%","CAD0.00","0"
"B07B3T238X","B07C3GTFTB","MiYang Halter Neck Wrap One Piece Padded Tankini Swimsuit Monokini Swimwear for Women","2","0.02%","2","0.02%","0%","0","0.00%","CAD0.00","0"
"B07B3T238X","B07C3HYPHR","MiYang Halter Neck Wrap One Piece Padded Tankini Swimsuit Monokini Swimwear for Women","4","0.05%","4","0.04%","100%","0","0.00%","CAD0.00","0"
"B07C599Z82","B07C599Z82","MiYang Padded Push up Brazilian Thong Bikini Sets Two Piece Swimsuit for Women","67","0.78%","84","0.78%","0%","0","0.00%","CAD0.00","0"
"B07C599Z82","B07C5JH52G","MiYang Padded Push up Brazilian Thong Bikini Sets Two Piece Swimsuit for Women Orange US 12-14","6","0.07%","9","0.08%","22%","0","0.00%","CAD0.00","0"
"B07C599Z82","B07C5LBSRZ","MiYang Padded Push up Brazilian Thong Bikini Sets Two Piece Swimsuit for Women Gray US 8-10","4","0.05%","4","0.04%","100%","0","0.00%","CAD0.00","0"
"B07C599Z82","B07C5LPTQB","MiYang Padded Push up Brazilian Thong Bikini Sets Two Piece Swimsuit for Women Wine Red US 14-16","5","0.06%","6","0.06%","0%","0","0.00%","CAD0.00","0"
"B07C599Z82","B07C5MYQSM","MiYang Padded Push up Brazilian Thong Bikini Sets Two Piece Swimsuit for Women Blue US 12-14","2","0.02%","3","0.03%","100%","0","0.00%","CAD0.00","0"
"B07C599Z82","B07C5PJLTZ","MiYang Padded Push up Brazilian Thong Bikini Sets Two Piece Swimsuit for Women Blue US 16-18","1","0.01%","1","0.01%","100%","0","0.00%","CAD0.00","0"
"B07C599Z82","B07C5R3C3X","MiYang Padded Push up Brazilian Thong Bikini Sets Two Piece Swimsuit for Women Gray US 14-16","1","0.01%","3","0.03%","100%","0","0.00%","CAD0.00","0"
"B07C599Z82","B07C5R6NDC","MiYang Padded Push up Brazilian Thong Bikini Sets Two Piece Swimsuit for Women Gray US 16-18","1","0.01%","1","0.01%","100%","0","0.00%","CAD0.00","0"
"B07C599Z82","B07C5TH6B4","MiYang Padded Push up Brazilian Thong Bikini Sets Two Piece Swimsuit for Women Gray US 12-14","2","0.02%","2","0.02%","50%","0","0.00%","CAD0.00","0"
"B07C599Z82","B07C5TT7JK","MiYang Padded Push up Brazilian Thong Bikini Sets Two Piece Swimsuit for Women Black US 12-14","5","0.06%","6","0.06%","100%","0","0.00%","CAD0.00","0"
"B07C599Z82","B07C61CK7L","MiYang Padded Push up Brazilian Thong Bikini Sets Two Piece Swimsuit for Women Orange US 14-16","1","0.01%","1","0.01%","0%","0","0.00%","CAD0.00","0"
"B07C599Z82","B07C63C5T5","MiYang Padded Push up Brazilian Thong Bikini Sets Two Piece Swimsuit for Women Blue US 8-10","3","0.04%","4","0.04%","25%","0","0.00%","CAD0.00","0"
"B07DQLCSB7","B07C8H1946","Bikini Sets Sport Swimsuit Low Scoop Crop Top High Waisted High Cut Cheeky Bottom","3","0.04%","4","0.04%","75%","0","0.00%","CAD0.00","0"
"B07CSJTXGW","B07CBT54MZ","MiYang Women's Halter High Waisted Cut Out One Piece Swimsuit Backless Bathing Suit Red XL","1","0.01%","1","0.01%","100%","0","0.00%","CAD0.00","0"
"B07CSJTXGW","B07CBTBCFM","MiYang Women's Halter High Waisted Cut Out One Piece Swimsuit Backless Bathing Suit Red S","6","0.07%","8","0.07%","100%","0","0.00%","CAD0.00","0"
"B01N9T4PYF","B07CBVR688","MiYang Wine Red One Piece Swimsuit High Neck V-Neckline Mesh Ruched Monokini?Swinwear S US(4-6)","16","0.19%","21","0.20%","67%","0","0.00%","CAD0.00","0"
"B07C599Z82","B07CCH46TV","MiYang Padded Push up Brazilian Thong Bikini Sets Two Piece Swimsuit for Women Gray US 4-6","2","0.02%","2","0.02%","50%","0","0.00%","CAD0.00","0"
"B07DK1VJ1S","B07CKPMDMB","MiYang Plus Size Floral Swimwear One Piece Swimdress for Women Skirted Swimsuit Yellow Floral Medium(US 8-10)","19","0.22%","19","0.18%","84%","0","0.00%","CAD0.00","0"
"B07DK1VJ1S","B07CKTK9W5","MiYang Plus Size Floral Swimwear One Piece Swimdress for Women Skirted Swimsuit Black XL(US 16-18)","12","0.14%","14","0.13%","100%","0","0.00%","CAD0.00","0"
"B07DK1VJ1S","B07CKVX5SF","MiYang Plus Size Floral Swimwear One Piece Swimdress for Women Skirted Swimsuit Black Medium(US 8-10)","26","0.30%","34","0.32%","91%","0","0.00%","CAD0.00","0"
"B07DK1VJ1S","B07CL1TBM5","MiYang Plus Size Floral Swimwear One Piece Swimdress for Women Skirted Swimsuit Yellow Floral XL(US 16-18)","9","0.11%","9","0.08%","100%","0","0.00%","CAD0.00","0"
"B07DK1VJ1S","B07CLLW7XW","MiYang Plus Size Floral Swimwear One Piece Swimdress for Women Skirted Swimsuit Green Large(US 12-14)","25","0.29%","28","0.26%","79%","0","0.00%","CAD0.00","0"
"B07DK1VJ1S","B07CLMDRC1","MiYang Plus Size Floral Swimwear One Piece Swimdress for Women Skirted Swimsuit Yellow Floral Large(US 12-14)","10","0.12%","11","0.10%","100%","0","0.00%","CAD0.00","0"
"B07CNJB855","B07CNJB855","Push up Polka Dot Bikini Sets Two Pieces Tie Front Swimsuit","4","0.05%","4","0.04%","0%","0","0.00%","CAD0.00","0"
"B07CSJTXGW","B07CSJTXGW","MiYang Women's Halter High Waisted Cut Out One Piece Swimsuit Backless Bathing Suit","20","0.23%","21","0.20%","0%","0","0.00%","CAD0.00","0"
"B07DQLCSB7","B07CYL3B53","Bikini Sets Sport Swimsuit Low Scoop Crop Top High Waisted High Cut Cheeky Bottom","2","0.02%","3","0.03%","100%","0","0.00%","CAD0.00","0"
"B06XX186BB","B07DFFZFR9","MiYang Women's Beach Pant Bikini Bottom Adjustable Tie Boy Short","16","0.19%","23","0.21%","100%","0","0.00%","CAD0.00","0"
"B07BQWTRKY","B07DHZNT31","MiYang Halter Neck Maternity Tankini Tie-dye Striped Swimsuit Set Black Polka Dot M","1","0.01%","2","0.02%","0%","0","0.00%","CAD0.00","0"
"B07BQWTRKY","B07DHZXJH9","MiYang Halter Neck Maternity Tankini Tie-dye Striped Swimsuit Set Black Polka Dot L","3","0.04%","4","0.04%","100%","0","0.00%","CAD0.00","0"
"B07BQWTRKY","B07DJ1GQY5","MiYang Halter Neck Maternity Tankini Tie-dye Striped Swimsuit Set Black Polka Dot XL","3","0.04%","3","0.03%","100%","0","0.00%","CAD0.00","0"
"B07DK1VJ1S","B07DK1VJ1S","MiYang Plus Size Floral Swimwear One Piece Swimdress for Women Skirted Swimsuit","71","0.83%","86","0.80%","3%","0","0.00%","CAD0.00","0"
"B07BQWTRKY","B07DKC6BTL","MiYang Halter Neck Maternity Tankini Tie-dye Striped Swimsuit Set Navy Polka Dot XL","2","0.02%","2","0.02%","100%","0","0.00%","CAD0.00","0"
"B07BQWTRKY","B07DKD84MJ","MiYang Halter Neck Maternity Tankini Tie-dye Striped Swimsuit Set Navy Polka Dot S","1","0.01%","1","0.01%","0%","0","0.00%","CAD0.00","0"
"B07BQWTRKY","B07DKD8QPX","MiYang Halter Neck Maternity Tankini Tie-dye Striped Swimsuit Set Navy Polka Dot L","2","0.02%","3","0.03%","33%","0","0.00%","CAD0.00","0"
"B07BQWTRKY","B07DKGH17T","MiYang Halter Neck Maternity Tankini Tie-dye Striped Swimsuit Set Navy Polka Dot M","1","0.01%","1","0.01%","0%","0","0.00%","CAD0.00","0"
"B07DQLCSB7","B07DQLCSB7","Bikini Sets Sport Swimsuit Low Scoop Crop Top High Waisted High Cut Cheeky Bottom","34","0.40%","38","0.35%","0%","0","0.00%","CAD0.00","0"
"B07DRG8FF1","B07DRG8FF1","MiYang Women's Plus Size Ruffled One Piece Tankini Printed-Hem Ruffled Swim Dress","24","0.28%","29","0.27%","0%","0","0.00%","CAD0.00","0"
